elapsed_s,voltage_V,temp_C,temp_F,warning_C,warning_F,critical_C,critical_F
0.000000,1.036792,50.9035,123.6262,0,0,0,0
0.100000,1.037101,50.9421,123.6957,0,0,0,0
0.200000,1.036484,50.8648,123.5567,0,0,0,0
0.300000,1.035867,50.7876,123.4178,0,0,0,0
0.400000,1.038335,51.0965,123.9736,0,0,0,0
0.500000,1.035867,50.7876,123.4178,0,0,0,0
0.600000,1.037409,50.9807,123.7652,0,0,0,0
0.700000,1.037101,50.9421,123.6957,0,0,0,0
0.800000,1.038026,51.0579,123.9041,0,0,0,0
0.900000,1.037409,50.9807,123.7652,0,0,0,0
1.000000,1.038952,51.1737,124.1126,0,0,0,0
1.100000,1.037101,50.9421,123.6957,0,0,0,0
1.200000,1.038643,51.1351,124.0431,0,0,0,0
1.300000,1.038026,51.0579,123.9041,0,0,0,0
1.400000,1.037718,51.0193,123.8347,0,0,0,0
1.500000,1.038952,51.1737,124.1126,0,0,0,0
1.600000,1.036792,50.9035,123.6262,0,0,0,0
1.700000,1.036792,50.9035,123.6262,0,0,0,0
1.800000,1.039878,51.2895,124.3211,0,0,0,0
1.900000,1.039569,51.2509,124.2516,0,0,0,0
2.000000,1.037409,50.9807,123.7652,0,0,0,0
2.100000,1.037409,50.9807,123.7652,0,0,0,0
2.200000,1.040803,51.4053,124.5295,0,0,0,0
2.300000,1.037718,51.0193,123.8347,0,0,0,0
2.400000,1.038026,51.0579,123.9041,0,0,0,0
2.500000,1.035250,50.7104,123.2788,0,0,0,0
2.600000,1.038643,51.1351,124.0431,0,0,0,0
2.700000,1.038643,51.1351,124.0431,0,0,0,0
2.800000,1.038026,51.0579,123.9041,0,0,0,0
2.900000,1.038335,51.0965,123.9736,0,0,0,0
3.000000,1.038952,51.1737,124.1126,0,0,0,0
3.100000,1.039878,51.2895,124.3211,0,0,0,0
3.200000,1.038026,51.0579,123.9041,0,0,0,0
3.300000,1.036484,50.8648,123.5567,0,0,0,0
3.400000,1.039878,51.2895,124.3211,0,0,0,0
3.500000,1.036175,50.8262,123.4872,0,0,0,0
3.600000,1.037409,50.9807,123.7652,0,0,0,0
3.700000,1.035867,50.7876,123.4178,0,0,0,0
3.800000,1.038026,51.0579,123.9041,0,0,0,0
3.900000,1.037409,50.9807,123.7652,0,0,0,0
4.000000,1.038335,51.0965,123.9736,0,0,0,0
4.100000,1.038026,51.0579,123.9041,0,0,0,0
4.200000,1.037101,50.9421,123.6957,0,0,0,0
4.300000,1.038335,51.0965,123.9736,0,0,0,0
4.400000,1.038335,51.0965,123.9736,0,0,0,0
4.500000,1.037409,50.9807,123.7652,0,0,0,0
4.600000,1.038952,51.1737,124.1126,0,0,0,0
4.700000,1.038643,51.1351,124.0431,0,0,0,0
4.800000,1.039878,51.2895,124.3211,0,0,0,0
4.900000,1.037101,50.9421,123.6957,0,0,0,0
5.000000,1.037718,51.0193,123.8347,0,0,0,0
5.100000,1.037718,51.0193,123.8347,0,0,0,0
5.200000,1.037718,51.0193,123.8347,0,0,0,0
5.300000,1.035558,50.7490,123.3483,0,0,0,0
5.400000,1.038335,51.0965,123.9736,0,0,0,0
5.500000,1.036175,50.8262,123.4872,0,0,0,0
5.600000,1.038643,51.1351,124.0431,0,0,0,0
5.700000,1.036175,50.8262,123.4872,0,0,0,0
5.800000,1.037101,50.9421,123.6957,0,0,0,0
5.900000,1.036792,50.9035,123.6262,0,0,0,0
6.000000,1.038026,51.0579,123.9041,0,0,0,0
6.100000,1.036792,50.9035,123.6262,0,0,0,0
6.200000,1.036175,50.8262,123.4872,0,0,0,0
6.300000,1.035867,50.7876,123.4178,0,0,0,0
6.400000,1.037101,50.9421,123.6957,0,0,0,0
6.500000,1.037409,50.9807,123.7652,0,0,0,0
6.600000,1.037718,51.0193,123.8347,0,0,0,0
6.700000,1.038026,51.0579,123.9041,0,0,0,0
6.800000,1.038335,51.0965,123.9736,0,0,0,0
6.900000,1.036792,50.9035,123.6262,0,0,0,0
7.000000,1.038643,51.1351,124.0431,0,0,0,0
7.100000,1.037718,51.0193,123.8347,0,0,0,0
7.200000,1.041112,51.4439,124.5990,0,0,0,0
7.300000,1.038335,51.0965,123.9736,0,0,0,0
7.400000,1.036484,50.8648,123.5567,0,0,0,0
7.500000,1.038335,51.0965,123.9736,0,0,0,0
7.600000,1.037718,51.0193,123.8347,0,0,0,0
7.700000,1.037101,50.9421,123.6957,0,0,0,0
7.800000,1.036792,50.9035,123.6262,0,0,0,0
7.900000,1.037409,50.9807,123.7652,0,0,0,0
8.000000,1.037409,50.9807,123.7652,0,0,0,0
8.100000,1.037718,51.0193,123.8347,0,0,0,0
8.200000,1.033707,50.5174,122.9314,0,0,0,0
8.300000,1.038335,51.0965,123.9736,0,0,0,0
8.400000,1.038643,51.1351,124.0431,0,0,0,0
8.500000,1.038335,51.0965,123.9736,0,0,0,0
8.600000,1.040186,51.3281,124.3905,0,0,0,0
8.700000,1.038643,51.1351,124.0431,0,0,0,0
8.800000,1.037409,50.9807,123.7652,0,0,0,0
8.900000,1.037101,50.9421,123.6957,0,0,0,0
9.000000,1.038335,51.0965,123.9736,0,0,0,0
9.100000,1.038952,51.1737,124.1126,0,0,0,0
9.200000,1.038026,51.0579,123.9041,0,0,0,0
9.300000,1.038026,51.0579,123.9041,0,0,0,0
9.400000,1.038026,51.0579,123.9041,0,0,0,0
9.500000,1.037718,51.0193,123.8347,0,0,0,0
9.600000,1.038026,51.0579,123.9041,0,0,0,0
9.700000,1.038026,51.0579,123.9041,0,0,0,0
9.800000,1.037409,50.9807,123.7652,0,0,0,0
9.900000,1.038335,51.0965,123.9736,0,0,0,0
10.000000,1.035558,50.7490,123.3483,0,0,0,0
10.100000,1.038026,51.0579,123.9041,0,0,0,0
10.200000,1.037718,51.0193,123.8347,0,0,0,0
10.300000,1.037101,50.9421,123.6957,0,0,0,0
10.400000,1.037409,50.9807,123.7652,0,0,0,0
10.500000,1.037101,50.9421,123.6957,0,0,0,0
10.600000,1.038952,51.1737,124.1126,0,0,0,0
10.700000,1.038026,51.0579,123.9041,0,0,0,0
10.800000,1.036792,50.9035,123.6262,0,0,0,0
10.900000,1.037101,50.9421,123.6957,0,0,0,0
11.000000,1.037718,51.0193,123.8347,0,0,0,0
11.100000,1.038643,51.1351,124.0431,0,0,0,0
11.200000,1.037718,51.0193,123.8347,0,0,0,0
11.300000,1.036484,50.8648,123.5567,0,0,0,0
11.400000,1.035558,50.7490,123.3483,0,0,0,0
11.500000,1.037101,50.9421,123.6957,0,0,0,0
11.600000,1.035558,50.7490,123.3483,0,0,0,0
11.700000,1.038335,51.0965,123.9736,0,0,0,0
11.800000,1.037101,50.9421,123.6957,0,0,0,0
11.900000,1.035867,50.7876,123.4178,0,0,0,0
12.000000,1.036175,50.8262,123.4872,0,0,0,0
12.100000,1.032164,50.3244,122.5839,0,0,0,0
12.200000,1.028771,49.8998,121.8196,0,0,0,0
12.300000,1.046665,52.1387,125.8497,0,0,0,0
12.400000,1.065485,54.4935,130.0883,0,0,0,0
12.500000,1.066411,54.6093,130.2968,0,0,0,0
12.600000,1.074741,55.6516,132.1729,0,0,0,0
12.700000,1.082454,56.6167,133.9100,0,0,0,0
12.800000,1.083380,56.7325,134.1185,0,0,0,0
12.900000,1.083380,56.7325,134.1185,0,0,0,0
13.000000,1.078135,56.0762,132.9372,0,0,0,0
13.100000,1.145085,64.4531,148.0156,0,0,0,0
13.200000,1.146628,64.6461,148.3630,0,0,0,0
13.300000,1.111456,60.2454,140.4417,0,0,0,0
13.400000,1.067028,54.6865,130.4358,0,0,0,0
13.500000,1.064868,54.4163,129.9494,0,0,0,0
13.600000,1.049442,52.4862,126.4751,0,0,0,0
13.700000,1.045123,51.9457,125.5023,0,0,0,0
13.800000,1.119169,61.2104,142.1788,0,0,0,0
13.900000,1.120403,61.3648,142.4567,0,0,0,0
14.000000,1.073507,55.4972,131.8950,0,0,0,0
14.100000,1.046665,52.1387,125.8497,0,0,0,0
14.200000,1.045740,52.0229,125.6413,0,0,0,0
14.300000,1.050059,52.5634,126.6141,0,0,0,0
14.400000,1.075667,55.7674,132.3814,0,0,0,0
14.500000,1.058081,53.5671,128.4207,0,0,0,0
14.600000,1.057155,53.4513,128.2122,0,0,0,0
14.700000,1.047282,52.2160,125.9887,0,0,0,0
14.800000,1.076284,55.8446,132.5203,0,0,0,0
14.900000,1.080603,56.3851,133.4931,0,0,0,0
15.000000,1.051602,52.7564,126.9615,0,0,0,0
15.100000,1.052527,52.8722,127.1700,0,0,0,0
15.200000,1.079678,56.2693,133.2847,0,0,0,0
15.300000,1.080912,56.4237,133.5626,0,0,0,0
15.400000,1.059006,53.6829,128.6292,0,0,0,0
15.500000,1.054378,53.1038,127.5869,0,0,0,0
15.600000,1.054378,53.1038,127.5869,0,0,0,0
15.700000,1.060549,53.8759,128.9766,0,0,0,0
15.800000,1.086465,57.1185,134.8134,0,0,0,0
15.900000,1.085231,56.9641,134.5354,0,0,0,0
16.000000,1.071964,55.3042,131.5475,0,0,0,0
16.100000,1.054995,53.1810,127.7258,0,0,0,0
16.200000,1.051602,52.7564,126.9615,0,0,0,0
16.300000,1.051602,52.7564,126.9615,0,0,0,0
16.400000,1.052219,52.8336,127.1005,0,0,0,0
16.500000,1.053453,52.9880,127.3784,0,0,0,0
16.600000,1.054687,53.1424,127.6564,0,0,0,0
16.700000,1.051293,52.7178,126.8920,0,0,0,0
16.800000,1.053761,53.0266,127.4479,0,0,0,0
16.900000,1.054995,53.1810,127.7258,0,0,0,0
17.000000,1.054070,53.0652,127.5174,0,0,0,0
17.100000,1.054995,53.1810,127.7258,0,0,0,0
17.200000,1.055612,53.2582,127.8648,0,0,0,0
17.300000,1.055612,53.2582,127.8648,0,0,0,0
17.400000,1.054070,53.0652,127.5174,0,0,0,0
17.500000,1.038643,51.1351,124.0431,0,0,0,0
17.600000,1.035867,50.7876,123.4178,0,0,0,0
17.700000,1.036484,50.8648,123.5567,0,0,0,0
17.800000,1.037101,50.9421,123.6957,0,0,0,0
17.900000,1.037718,51.0193,123.8347,0,0,0,0
18.000000,1.038643,51.1351,124.0431,0,0,0,0
18.100000,1.038335,51.0965,123.9736,0,0,0,0
18.200000,1.040495,51.3667,124.4600,0,0,0,0
18.300000,1.040495,51.3667,124.4600,0,0,0,0
18.400000,1.041420,51.4825,124.6685,0,0,0,0
18.500000,1.053761,53.0266,127.4479,0,0,0,0
18.600000,1.059006,53.6829,128.6292,0,0,0,0
18.700000,1.061166,53.9531,129.1155,0,0,0,0
18.800000,1.062091,54.0689,129.3240,0,0,0,0
18.900000,1.062400,54.1075,129.3935,0,0,0,0
19.000000,1.061783,54.0303,129.2545,0,0,0,0
19.100000,1.061783,54.0303,129.2545,0,0,0,0
19.200000,1.062091,54.0689,129.3240,0,0,0,0
19.300000,1.063326,54.2233,129.6019,0,0,0,0
19.400000,1.062709,54.1461,129.4630,0,0,0,0
19.500000,1.061474,53.9917,129.1850,0,0,0,0
19.600000,1.047899,52.2932,126.1277,0,0,0,0
19.700000,1.047282,52.2160,125.9887,0,0,0,0
19.800000,1.046974,52.1773,125.9192,0,0,0,0
19.900000,1.042346,51.5983,124.8769,0,0,0,0
20.000000,1.042037,51.5597,124.8075,0,0,0,0
20.100000,1.039569,51.2509,124.2516,0,0,0,0
20.200000,1.040186,51.3281,124.3905,0,0,0,0
20.300000,1.048208,52.3318,126.1972,0,0,0,0
20.400000,1.049750,52.5248,126.5446,0,0,0,0
20.500000,1.072890,55.4200,131.7560,0,0,0,0
20.600000,1.081529,56.5009,133.7016,0,0,0,0
20.700000,1.080603,56.3851,133.4931,0,0,0,0
20.800000,1.078752,56.1535,133.0762,0,0,0,0
20.900000,1.080295,56.3465,133.4236,0,0,0,0
21.000000,1.078752,56.1535,133.0762,0,0,0,0
21.100000,1.079061,56.1921,133.1457,0,0,0,0
21.200000,1.077826,56.0376,132.8677,0,0,0,0
21.300000,1.057464,53.4899,128.2817,0,0,0,0
21.400000,1.056229,53.3354,128.0038,0,0,0,0
21.500000,1.057464,53.4899,128.2817,0,0,0,0
21.600000,1.060240,53.8373,128.9071,0,0,0,0
21.700000,1.057464,53.4899,128.2817,0,0,0,0
21.800000,1.056846,53.4126,128.1427,0,0,0,0
21.900000,1.054070,53.0652,127.5174,0,0,0,0
22.000000,1.054070,53.0652,127.5174,0,0,0,0
22.100000,1.054378,53.1038,127.5869,0,0,0,0
22.200000,1.051602,52.7564,126.9615,0,0,0,0
22.300000,1.050676,52.6406,126.7530,0,0,0,0
22.400000,1.050367,52.6020,126.6836,0,0,0,0
22.500000,1.050676,52.6406,126.7530,0,0,0,0
22.600000,1.051602,52.7564,126.9615,0,0,0,0
22.700000,1.052836,52.9108,127.2394,0,0,0,0
22.800000,1.052527,52.8722,127.1700,0,0,0,0
22.900000,1.050059,52.5634,126.6141,0,0,0,0
23.000000,1.051293,52.7178,126.8920,0,0,0,0
23.100000,1.051910,52.7950,127.0310,0,0,0,0
23.200000,1.051910,52.7950,127.0310,0,0,0,0
23.300000,1.051293,52.7178,126.8920,0,0,0,0
23.400000,1.050059,52.5634,126.6141,0,0,0,0
23.500000,1.051602,52.7564,126.9615,0,0,0,0
23.600000,1.051293,52.7178,126.8920,0,0,0,0
23.700000,1.050985,52.6792,126.8225,0,0,0,0
23.800000,1.052219,52.8336,127.1005,0,0,0,0
23.900000,1.049750,52.5248,126.5446,0,0,0,0
24.000000,1.051602,52.7564,126.9615,0,0,0,0
24.100000,1.051602,52.7564,126.9615,0,0,0,0
24.200000,1.050367,52.6020,126.6836,0,0,0,0
24.300000,1.050059,52.5634,126.6141,0,0,0,0
24.400000,1.050985,52.6792,126.8225,0,0,0,0
24.500000,1.050059,52.5634,126.6141,0,0,0,0
24.600000,1.052219,52.8336,127.1005,0,0,0,0
24.700000,1.051293,52.7178,126.8920,0,0,0,0
24.800000,1.049442,52.4862,126.4751,0,0,0,0
24.900000,1.050367,52.6020,126.6836,0,0,0,0
25.000000,1.051910,52.7950,127.0310,0,0,0,0
25.100000,1.050059,52.5634,126.6141,0,0,0,0
25.200000,1.050985,52.6792,126.8225,0,0,0,0
25.300000,1.050676,52.6406,126.7530,0,0,0,0
25.400000,1.051910,52.7950,127.0310,0,0,0,0
25.500000,1.050367,52.6020,126.6836,0,0,0,0
25.600000,1.050059,52.5634,126.6141,0,0,0,0
25.700000,1.050059,52.5634,126.6141,0,0,0,0
25.800000,1.050676,52.6406,126.7530,0,0,0,0
25.900000,1.050059,52.5634,126.6141,0,0,0,0
26.000000,1.050367,52.6020,126.6836,0,0,0,0
26.100000,1.050059,52.5634,126.6141,0,0,0,0
26.200000,1.046974,52.1773,125.9192,0,0,0,0
26.300000,1.046974,52.1773,125.9192,0,0,0,0
26.400000,1.046048,52.0615,125.7108,0,0,0,0
26.500000,1.046357,52.1001,125.7802,0,0,0,0
26.600000,1.045431,51.9843,125.5718,0,0,0,0
26.700000,1.045431,51.9843,125.5718,0,0,0,0
26.800000,1.044814,51.9071,125.4328,0,0,0,0
26.900000,1.046048,52.0615,125.7108,0,0,0,0
27.000000,1.046048,52.0615,125.7108,0,0,0,0
27.100000,1.044814,51.9071,125.4328,0,0,0,0
27.200000,1.044814,51.9071,125.4328,0,0,0,0
27.300000,1.046665,52.1387,125.8497,0,0,0,0
27.400000,1.046357,52.1001,125.7802,0,0,0,0
27.500000,1.045740,52.0229,125.6413,0,0,0,0
27.600000,1.045123,51.9457,125.5023,0,0,0,0
27.700000,1.044197,51.8299,125.2939,0,0,0,0
27.800000,1.044814,51.9071,125.4328,0,0,0,0
27.900000,1.046048,52.0615,125.7108,0,0,0,0
28.000000,1.044505,51.8685,125.3633,0,0,0,0
28.100000,1.045123,51.9457,125.5023,0,0,0,0
28.200000,1.045740,52.0229,125.6413,0,0,0,0
28.300000,1.044197,51.8299,125.2939,0,0,0,0
28.400000,1.044505,51.8685,125.3633,0,0,0,0
28.500000,1.043888,51.7913,125.2244,0,0,0,0
28.600000,1.043888,51.7913,125.2244,0,0,0,0
28.700000,1.044197,51.8299,125.2939,0,0,0,0
28.800000,1.042037,51.5597,124.8075,0,0,0,0
28.900000,1.045123,51.9457,125.5023,0,0,0,0
29.000000,1.043271,51.7141,125.0854,0,0,0,0
29.100000,1.044814,51.9071,125.4328,0,0,0,0
29.200000,1.042346,51.5983,124.8769,0,0,0,0
29.300000,1.042963,51.6755,125.0159,0,0,0,0
29.400000,1.041729,51.5211,124.7380,0,0,0,0
29.500000,1.042963,51.6755,125.0159,0,0,0,0
29.600000,1.041420,51.4825,124.6685,0,0,0,0
29.700000,1.042037,51.5597,124.8075,0,0,0,0
29.800000,1.041729,51.5211,124.7380,0,0,0,0
29.900000,1.042654,51.6369,124.9464,0,0,0,0
30.000000,1.042037,51.5597,124.8075,0,0,0,0
30.100000,1.042654,51.6369,124.9464,0,0,0,0
30.200000,1.042037,51.5597,124.8075,0,0,0,0
30.300000,1.042346,51.5983,124.8769,0,0,0,0
30.400000,1.042963,51.6755,125.0159,0,0,0,0
30.500000,1.042963,51.6755,125.0159,0,0,0,0
30.600000,1.042037,51.5597,124.8075,0,0,0,0
30.700000,1.043271,51.7141,125.0854,0,0,0,0
30.800000,1.043580,51.7527,125.1549,0,0,0,0
30.900000,1.040803,51.4053,124.5295,0,0,0,0
31.000000,1.041729,51.5211,124.7380,0,0,0,0
31.100000,1.041729,51.5211,124.7380,0,0,0,0
31.200000,1.041420,51.4825,124.6685,0,0,0,0
31.300000,1.042037,51.5597,124.8075,0,0,0,0
31.400000,1.041729,51.5211,124.7380,0,0,0,0
31.500000,1.041420,51.4825,124.6685,0,0,0,0
31.600000,1.038952,51.1737,124.1126,0,0,0,0
31.700000,1.042654,51.6369,124.9464,0,0,0,0
31.800000,1.042963,51.6755,125.0159,0,0,0,0
31.900000,1.042037,51.5597,124.8075,0,0,0,0
32.000000,1.040803,51.4053,124.5295,0,0,0,0
32.100000,1.042037,51.5597,124.8075,0,0,0,0
32.200000,1.042346,51.5983,124.8769,0,0,0,0
32.300000,1.042037,51.5597,124.8075,0,0,0,0
32.400000,1.042346,51.5983,124.8769,0,0,0,0
32.500000,1.040803,51.4053,124.5295,0,0,0,0
32.600000,1.042654,51.6369,124.9464,0,0,0,0
32.700000,1.041420,51.4825,124.6685,0,0,0,0
32.800000,1.042037,51.5597,124.8075,0,0,0,0
32.900000,1.041420,51.4825,124.6685,0,0,0,0
33.000000,1.041729,51.5211,124.7380,0,0,0,0
33.100000,1.041420,51.4825,124.6685,0,0,0,0
33.200000,1.040186,51.3281,124.3905,0,0,0,0
33.300000,1.040803,51.4053,124.5295,0,0,0,0
33.400000,1.041112,51.4439,124.5990,0,0,0,0
33.500000,1.038952,51.1737,124.1126,0,0,0,0
33.600000,1.040803,51.4053,124.5295,0,0,0,0
33.700000,1.041112,51.4439,124.5990,0,0,0,0
33.800000,1.040495,51.3667,124.4600,0,0,0,0
33.900000,1.039569,51.2509,124.2516,0,0,0,0
34.000000,1.040803,51.4053,124.5295,0,0,0,0
34.100000,1.041420,51.4825,124.6685,0,0,0,0
34.200000,1.041420,51.4825,124.6685,0,0,0,0
34.300000,1.040495,51.3667,124.4600,0,0,0,0
34.400000,1.039878,51.2895,124.3211,0,0,0,0
34.500000,1.040186,51.3281,124.3905,0,0,0,0
34.600000,1.039569,51.2509,124.2516,0,0,0,0
34.700000,1.040495,51.3667,124.4600,0,0,0,0
34.800000,1.040803,51.4053,124.5295,0,0,0,0
34.900000,1.039878,51.2895,124.3211,0,0,0,0
35.000000,1.041420,51.4825,124.6685,0,0,0,0
35.100000,1.041420,51.4825,124.6685,0,0,0,0
35.200000,1.041420,51.4825,124.6685,0,0,0,0
35.300000,1.040803,51.4053,124.5295,0,0,0,0
35.400000,1.040186,51.3281,124.3905,0,0,0,0
35.500000,1.040803,51.4053,124.5295,0,0,0,0
35.600000,1.040495,51.3667,124.4600,0,0,0,0
35.700000,1.040803,51.4053,124.5295,0,0,0,0
35.800000,1.041420,51.4825,124.6685,0,0,0,0
35.900000,1.041420,51.4825,124.6685,0,0,0,0
36.000000,1.042037,51.5597,124.8075,0,0,0,0
36.100000,1.041112,51.4439,124.5990,0,0,0,0
36.200000,1.041729,51.5211,124.7380,0,0,0,0
36.300000,1.041420,51.4825,124.6685,0,0,0,0
36.400000,1.041112,51.4439,124.5990,0,0,0,0
36.500000,1.042346,51.5983,124.8769,0,0,0,0
36.600000,1.041420,51.4825,124.6685,0,0,0,0
36.700000,1.042037,51.5597,124.8075,0,0,0,0
36.800000,1.041420,51.4825,124.6685,0,0,0,0
36.900000,1.039569,51.2509,124.2516,0,0,0,0
37.000000,1.041420,51.4825,124.6685,0,0,0,0
37.100000,1.042346,51.5983,124.8769,0,0,0,0
37.200000,1.041729,51.5211,124.7380,0,0,0,0
37.300000,1.040495,51.3667,124.4600,0,0,0,0
37.400000,1.042037,51.5597,124.8075,0,0,0,0
37.500000,1.042037,51.5597,124.8075,0,0,0,0
37.600000,1.041112,51.4439,124.5990,0,0,0,0
37.700000,1.040186,51.3281,124.3905,0,0,0,0
37.800000,1.040186,51.3281,124.3905,0,0,0,0
37.900000,1.041420,51.4825,124.6685,0,0,0,0
38.000000,1.040495,51.3667,124.4600,0,0,0,0
38.100000,1.041112,51.4439,124.5990,0,0,0,0
38.200000,1.040186,51.3281,124.3905,0,0,0,0
38.300000,1.042037,51.5597,124.8075,0,0,0,0
38.400000,1.042037,51.5597,124.8075,0,0,0,0
38.500000,1.042037,51.5597,124.8075,0,0,0,0
38.600000,1.041729,51.5211,124.7380,0,0,0,0
38.700000,1.039878,51.2895,124.3211,0,0,0,0
38.800000,1.040495,51.3667,124.4600,0,0,0,0
38.900000,1.041729,51.5211,124.7380,0,0,0,0
39.000000,1.041729,51.5211,124.7380,0,0,0,0
39.100000,1.042037,51.5597,124.8075,0,0,0,0
39.200000,1.041729,51.5211,124.7380,0,0,0,0
39.300000,1.040495,51.3667,124.4600,0,0,0,0
39.400000,1.041420,51.4825,124.6685,0,0,0,0
39.500000,1.040495,51.3667,124.4600,0,0,0,0
39.600000,1.042037,51.5597,124.8075,0,0,0,0
39.700000,1.041112,51.4439,124.5990,0,0,0,0
39.800000,1.042963,51.6755,125.0159,0,0,0,0
39.900000,1.041112,51.4439,124.5990,0,0,0,0
40.000000,1.041420,51.4825,124.6685,0,0,0,0
40.100000,1.042654,51.6369,124.9464,0,0,0,0
40.200000,1.042037,51.5597,124.8075,0,0,0,0
40.300000,1.042654,51.6369,124.9464,0,0,0,0
40.400000,1.042963,51.6755,125.0159,0,0,0,0
40.500000,1.042654,51.6369,124.9464,0,0,0,0
40.600000,1.042963,51.6755,125.0159,0,0,0,0
40.700000,1.041729,51.5211,124.7380,0,0,0,0
40.800000,1.042346,51.5983,124.8769,0,0,0,0
40.900000,1.042654,51.6369,124.9464,0,0,0,0
41.000000,1.043888,51.7913,125.2244,0,0,0,0
41.100000,1.042346,51.5983,124.8769,0,0,0,0
41.200000,1.042963,51.6755,125.0159,0,0,0,0
41.300000,1.043580,51.7527,125.1549,0,0,0,0
41.400000,1.043580,51.7527,125.1549,0,0,0,0
41.500000,1.043580,51.7527,125.1549,0,0,0,0
41.600000,1.043888,51.7913,125.2244,0,0,0,0
41.700000,1.043888,51.7913,125.2244,0,0,0,0
41.800000,1.043888,51.7913,125.2244,0,0,0,0
41.900000,1.043580,51.7527,125.1549,0,0,0,0
42.000000,1.043271,51.7141,125.0854,0,0,0,0
42.100000,1.042963,51.6755,125.0159,0,0,0,0
42.200000,1.039261,51.2123,124.1821,0,0,0,0
42.300000,1.040495,51.3667,124.4600,0,0,0,0
42.400000,1.043271,51.7141,125.0854,0,0,0,0
42.500000,1.043271,51.7141,125.0854,0,0,0,0
42.600000,1.042037,51.5597,124.8075,0,0,0,0
42.700000,1.043271,51.7141,125.0854,0,0,0,0
42.800000,1.043888,51.7913,125.2244,0,0,0,0
42.900000,1.043271,51.7141,125.0854,0,0,0,0
43.000000,1.043580,51.7527,125.1549,0,0,0,0
43.100000,1.043580,51.7527,125.1549,0,0,0,0
43.200000,1.044814,51.9071,125.4328,0,0,0,0
43.300000,1.045431,51.9843,125.5718,0,0,0,0
43.400000,1.045740,52.0229,125.6413,0,0,0,0
43.500000,1.045740,52.0229,125.6413,0,0,0,0
43.600000,1.045740,52.0229,125.6413,0,0,0,0
43.700000,1.043580,51.7527,125.1549,0,0,0,0
43.800000,1.045123,51.9457,125.5023,0,0,0,0
43.900000,1.044505,51.8685,125.3633,0,0,0,0
44.000000,1.046665,52.1387,125.8497,0,0,0,0
44.100000,1.046357,52.1001,125.7802,0,0,0,0
44.200000,1.047282,52.2160,125.9887,0,0,0,0
44.300000,1.047899,52.2932,126.1277,0,0,0,0
44.400000,1.046974,52.1773,125.9192,0,0,0,0
44.500000,1.047282,52.2160,125.9887,0,0,0,0
44.600000,1.047282,52.2160,125.9887,0,0,0,0
44.700000,1.047899,52.2932,126.1277,0,0,0,0
44.800000,1.046048,52.0615,125.7108,0,0,0,0
44.900000,1.046665,52.1387,125.8497,0,0,0,0
45.000000,1.046048,52.0615,125.7108,0,0,0,0
45.100000,1.044505,51.8685,125.3633,0,0,0,0
45.200000,1.045740,52.0229,125.6413,0,0,0,0
45.300000,1.045431,51.9843,125.5718,0,0,0,0
45.400000,1.045431,51.9843,125.5718,0,0,0,0
45.500000,1.045740,52.0229,125.6413,0,0,0,0
45.600000,1.042963,51.6755,125.0159,0,0,0,0
45.700000,1.045431,51.9843,125.5718,0,0,0,0
45.800000,1.044814,51.9071,125.4328,0,0,0,0
45.900000,1.043888,51.7913,125.2244,0,0,0,0
46.000000,1.044814,51.9071,125.4328,0,0,0,0
46.100000,1.045431,51.9843,125.5718,0,0,0,0
46.200000,1.044814,51.9071,125.4328,0,0,0,0
46.300000,1.043888,51.7913,125.2244,0,0,0,0
46.400000,1.043888,51.7913,125.2244,0,0,0,0
46.500000,1.045123,51.9457,125.5023,0,0,0,0
46.600000,1.046357,52.1001,125.7802,0,0,0,0
46.700000,1.046357,52.1001,125.7802,0,0,0,0
46.800000,1.045740,52.0229,125.6413,0,0,0,0
46.900000,1.045740,52.0229,125.6413,0,0,0,0
47.000000,1.046357,52.1001,125.7802,0,0,0,0
47.100000,1.044197,51.8299,125.2939,0,0,0,0
47.200000,1.045123,51.9457,125.5023,0,0,0,0
47.300000,1.046665,52.1387,125.8497,0,0,0,0
47.400000,1.046665,52.1387,125.8497,0,0,0,0
47.500000,1.047282,52.2160,125.9887,0,0,0,0
47.600000,1.047282,52.2160,125.9887,0,0,0,0
47.700000,1.047282,52.2160,125.9887,0,0,0,0
47.800000,1.046974,52.1773,125.9192,0,0,0,0
47.900000,1.050985,52.6792,126.8225,0,0,0,0
48.000000,1.050985,52.6792,126.8225,0,0,0,0
48.100000,1.050985,52.6792,126.8225,0,0,0,0
48.200000,1.051293,52.7178,126.8920,0,0,0,0
48.300000,1.050059,52.5634,126.6141,0,0,0,0
48.400000,1.051910,52.7950,127.0310,0,0,0,0
48.500000,1.051293,52.7178,126.8920,0,0,0,0
48.600000,1.050367,52.6020,126.6836,0,0,0,0
48.700000,1.049750,52.5248,126.5446,0,0,0,0
48.800000,1.053144,52.9494,127.3089,0,0,0,0
48.900000,1.053761,53.0266,127.4479,0,0,0,0
49.000000,1.054995,53.1810,127.7258,0,0,0,0
49.100000,1.054378,53.1038,127.5869,0,0,0,0
49.200000,1.054687,53.1424,127.6564,0,0,0,0
49.300000,1.053453,52.9880,127.3784,0,0,0,0
49.400000,1.052527,52.8722,127.1700,0,0,0,0
49.500000,1.050676,52.6406,126.7530,0,0,0,0
49.600000,1.048208,52.3318,126.1972,0,0,0,0
49.700000,1.050985,52.6792,126.8225,0,0,0,0
49.800000,1.050676,52.6406,126.7530,0,0,0,0
49.900000,1.050367,52.6020,126.6836,0,0,0,0
50.000000,1.051293,52.7178,126.8920,0,0,0,0
50.100000,1.050059,52.5634,126.6141,0,0,0,0
50.200000,1.051602,52.7564,126.9615,0,0,0,0
50.300000,1.051602,52.7564,126.9615,0,0,0,0
50.400000,1.050985,52.6792,126.8225,0,0,0,0
50.500000,1.051910,52.7950,127.0310,0,0,0,0
50.600000,1.051293,52.7178,126.8920,0,0,0,0
50.700000,1.051910,52.7950,127.0310,0,0,0,0
50.800000,1.049750,52.5248,126.5446,0,0,0,0
50.900000,1.049750,52.5248,126.5446,0,0,0,0
51.000000,1.050676,52.6406,126.7530,0,0,0,0
51.100000,1.050676,52.6406,126.7530,0,0,0,0
51.200000,1.050985,52.6792,126.8225,0,0,0,0
51.300000,1.050676,52.6406,126.7530,0,0,0,0
51.400000,1.049133,52.4476,126.4056,0,0,0,0
51.500000,1.050985,52.6792,126.8225,0,0,0,0
51.600000,1.049442,52.4862,126.4751,0,0,0,0
51.700000,1.049442,52.4862,126.4751,0,0,0,0
51.800000,1.048825,52.4090,126.3361,0,0,0,0
51.900000,1.045123,51.9457,125.5023,0,0,0,0
52.000000,1.048208,52.3318,126.1972,0,0,0,0
52.100000,1.047591,52.2546,126.0582,0,0,0,0
52.200000,1.044197,51.8299,125.2939,0,0,0,0
52.300000,1.043580,51.7527,125.1549,0,0,0,0
52.400000,1.042654,51.6369,124.9464,0,0,0,0
52.500000,1.037409,50.9807,123.7652,0,0,0,0
52.600000,1.032164,50.3244,122.5839,0,0,0,0
52.700000,1.032473,50.3630,122.6534,0,0,0,0
52.800000,1.025377,49.4751,121.0553,0,0,0,0
52.900000,1.019515,48.7417,119.7350,0,0,0,0
53.000000,1.020749,48.8961,120.0130,0,0,0,0
53.100000,1.018281,48.5873,119.4571,0,0,0,0
53.200000,1.018898,48.6645,119.5961,0,0,0,0
53.300000,1.020132,48.8189,119.8740,0,0,0,0
53.400000,1.020132,48.8189,119.8740,0,0,0,0
53.500000,1.021674,49.0119,120.2214,0,0,0,0
53.600000,1.021366,48.9733,120.1519,0,0,0,0
53.700000,1.021674,49.0119,120.2214,0,0,0,0
53.800000,1.018281,48.5873,119.4571,0,0,0,0
53.900000,1.021057,48.9347,120.0825,0,0,0,0
54.000000,1.020440,48.8575,119.9435,0,0,0,0
54.100000,1.021674,49.0119,120.2214,0,0,0,0
54.200000,1.022909,49.1663,120.4994,0,0,0,0
54.300000,1.021366,48.9733,120.1519,0,0,0,0
54.400000,1.023526,49.2435,120.6383,0,0,0,0
54.500000,1.018898,48.6645,119.5961,0,0,0,0
54.600000,1.026919,49.6682,121.4027,0,0,0,0
54.700000,1.021674,49.0119,120.2214,0,0,0,0
54.800000,1.021983,49.0505,120.2909,0,0,0,0
54.900000,1.030005,50.0542,122.0975,0,0,0,0
55.000000,1.021674,49.0119,120.2214,0,0,0,0
55.100000,1.021366,48.9733,120.1519,0,0,0,0
55.200000,1.026302,49.5910,121.2637,0,0,0,0
55.300000,1.028154,49.8226,121.6806,0,0,0,0
55.400000,1.025068,49.4365,120.9857,0,0,0,0
55.500000,1.024143,49.3207,120.7773,0,0,0,0
55.600000,1.028462,49.8612,121.7501,0,0,0,0
55.700000,1.025685,49.5137,121.1247,0,0,0,0
55.800000,1.025994,49.5523,121.1942,0,0,0,0
55.900000,1.026611,49.6296,121.3332,0,0,0,0
56.000000,1.032164,50.3244,122.5839,0,0,0,0
56.100000,1.031547,50.2472,122.4450,0,0,0,0
56.200000,1.028154,49.8226,121.6806,0,0,0,0
56.300000,1.031239,50.2086,122.3755,0,0,0,0
56.400000,1.034941,50.6718,123.2093,0,0,0,0
56.500000,1.037101,50.9421,123.6957,0,0,0,0
56.600000,1.035250,50.7104,123.2788,0,0,0,0
56.700000,1.030622,50.1314,122.2365,0,0,0,0
56.800000,1.030622,50.1314,122.2365,0,0,0,0
56.900000,1.037409,50.9807,123.7652,0,0,0,0
57.000000,1.039878,51.2895,124.3211,0,0,0,0
57.100000,1.034633,50.6332,123.1398,0,0,0,0
57.200000,1.034941,50.6718,123.2093,0,0,0,0
57.300000,1.034633,50.6332,123.1398,0,0,0,0
57.400000,1.040186,51.3281,124.3905,0,0,0,0
57.500000,1.038952,51.1737,124.1126,0,0,0,0
57.600000,1.032473,50.3630,122.6534,0,0,0,0
57.700000,1.028154,49.8226,121.6806,0,0,0,0
57.800000,1.030930,50.1700,122.3060,0,0,0,0
57.900000,1.032473,50.3630,122.6534,0,0,0,0
58.000000,1.033399,50.4788,122.8619,0,0,0,0
58.100000,1.032164,50.3244,122.5839,0,0,0,0
58.200000,1.031856,50.2858,122.5144,0,0,0,0
58.300000,1.033090,50.4402,122.7924,0,0,0,0
58.400000,1.032473,50.3630,122.6534,0,0,0,0
58.500000,1.032164,50.3244,122.5839,0,0,0,0
58.600000,1.032781,50.4016,122.7229,0,0,0,0
58.700000,1.032473,50.3630,122.6534,0,0,0,0
58.800000,1.031856,50.2858,122.5144,0,0,0,0
58.900000,1.032473,50.3630,122.6534,0,0,0,0
59.000000,1.033399,50.4788,122.8619,0,0,0,0
59.100000,1.032781,50.4016,122.7229,0,0,0,0
59.200000,1.031547,50.2472,122.4450,0,0,0,0
59.300000,1.031547,50.2472,122.4450,0,0,0,0
59.400000,1.031856,50.2858,122.5144,0,0,0,0
59.500000,1.032164,50.3244,122.5839,0,0,0,0
59.600000,1.031547,50.2472,122.4450,0,0,0,0
59.700000,1.032164,50.3244,122.5839,0,0,0,0
59.800000,1.031856,50.2858,122.5144,0,0,0,0
59.900000,1.032164,50.3244,122.5839,0,0,0,0
60.000000,1.033707,50.5174,122.9314,0,0,0,0
60.100000,1.031547,50.2472,122.4450,0,0,0,0
60.200000,1.033399,50.4788,122.8619,0,0,0,0
60.300000,1.030622,50.1314,122.2365,0,0,0,0
60.400000,1.032164,50.3244,122.5839,0,0,0,0
60.500000,1.032781,50.4016,122.7229,0,0,0,0
60.600000,1.031239,50.2086,122.3755,0,0,0,0
60.700000,1.031239,50.2086,122.3755,0,0,0,0
60.800000,1.030930,50.1700,122.3060,0,0,0,0
60.900000,1.031856,50.2858,122.5144,0,0,0,0
61.000000,1.031547,50.2472,122.4450,0,0,0,0
61.100000,1.028154,49.8226,121.6806,0,0,0,0
61.200000,1.031239,50.2086,122.3755,0,0,0,0
61.300000,1.031856,50.2858,122.5144,0,0,0,0
61.400000,1.031856,50.2858,122.5144,0,0,0,0
61.500000,1.031856,50.2858,122.5144,0,0,0,0
61.600000,1.031547,50.2472,122.4450,0,0,0,0
61.700000,1.030313,50.0928,122.1670,0,0,0,0
61.800000,1.030930,50.1700,122.3060,0,0,0,0
61.900000,1.032164,50.3244,122.5839,0,0,0,0
62.000000,1.031239,50.2086,122.3755,0,0,0,0
62.100000,1.032473,50.3630,122.6534,0,0,0,0
62.200000,1.031856,50.2858,122.5144,0,0,0,0
62.300000,1.031856,50.2858,122.5144,0,0,0,0
62.400000,1.030930,50.1700,122.3060,0,0,0,0
62.500000,1.031547,50.2472,122.4450,0,0,0,0
62.600000,1.030313,50.0928,122.1670,0,0,0,0
62.700000,1.032164,50.3244,122.5839,0,0,0,0
62.800000,1.032164,50.3244,122.5839,0,0,0,0
62.900000,1.031856,50.2858,122.5144,0,0,0,0
63.000000,1.030005,50.0542,122.0975,0,0,0,0
63.100000,1.032164,50.3244,122.5839,0,0,0,0
63.200000,1.032164,50.3244,122.5839,0,0,0,0
63.300000,1.031547,50.2472,122.4450,0,0,0,0
63.400000,1.031547,50.2472,122.4450,0,0,0,0
63.500000,1.031856,50.2858,122.5144,0,0,0,0
63.600000,1.032473,50.3630,122.6534,0,0,0,0
63.700000,1.030930,50.1700,122.3060,0,0,0,0
63.800000,1.030005,50.0542,122.0975,0,0,0,0
63.900000,1.031239,50.2086,122.3755,0,0,0,0
64.000000,1.030930,50.1700,122.3060,0,0,0,0
64.100000,1.033707,50.5174,122.9314,0,0,0,0
64.200000,1.031856,50.2858,122.5144,0,0,0,0
64.300000,1.030930,50.1700,122.3060,0,0,0,0
64.400000,1.031856,50.2858,122.5144,0,0,0,0
64.500000,1.031239,50.2086,122.3755,0,0,0,0
64.600000,1.030622,50.1314,122.2365,0,0,0,0
64.700000,1.032781,50.4016,122.7229,0,0,0,0
64.800000,1.033399,50.4788,122.8619,0,0,0,0
64.900000,1.032164,50.3244,122.5839,0,0,0,0
65.000000,1.031547,50.2472,122.4450,0,0,0,0
65.100000,1.033399,50.4788,122.8619,0,0,0,0
65.200000,1.033399,50.4788,122.8619,0,0,0,0
65.300000,1.033090,50.4402,122.7924,0,0,0,0
65.400000,1.032473,50.3630,122.6534,0,0,0,0
65.500000,1.033707,50.5174,122.9314,0,0,0,0
65.600000,1.032164,50.3244,122.5839,0,0,0,0
65.700000,1.032473,50.3630,122.6534,0,0,0,0
65.800000,1.033399,50.4788,122.8619,0,0,0,0
65.900000,1.032781,50.4016,122.7229,0,0,0,0
66.000000,1.031547,50.2472,122.4450,0,0,0,0
66.100000,1.033090,50.4402,122.7924,0,0,0,0
66.200000,1.033090,50.4402,122.7924,0,0,0,0
66.300000,1.032164,50.3244,122.5839,0,0,0,0
66.400000,1.032781,50.4016,122.7229,0,0,0,0
66.500000,1.033399,50.4788,122.8619,0,0,0,0
66.600000,1.033090,50.4402,122.7924,0,0,0,0
66.700000,1.032781,50.4016,122.7229,0,0,0,0
66.800000,1.031239,50.2086,122.3755,0,0,0,0
66.900000,1.029696,50.0156,122.0280,0,0,0,0
67.000000,1.030622,50.1314,122.2365,0,0,0,0
67.100000,1.034016,50.5560,123.0008,0,0,0,0
67.200000,1.030930,50.1700,122.3060,0,0,0,0
67.300000,1.031547,50.2472,122.4450,0,0,0,0
67.400000,1.030622,50.1314,122.2365,0,0,0,0
67.500000,1.028771,49.8998,121.8196,0,0,0,0
67.600000,1.030313,50.0928,122.1670,0,0,0,0
67.700000,1.030930,50.1700,122.3060,0,0,0,0
67.800000,1.027845,49.7840,121.6111,0,0,0,0
67.900000,1.036792,50.9035,123.6262,0,0,0,0
68.000000,1.032473,50.3630,122.6534,0,0,0,0
68.100000,1.032164,50.3244,122.5839,0,0,0,0
68.200000,1.031547,50.2472,122.4450,0,0,0,0
68.300000,1.035250,50.7104,123.2788,0,0,0,0
68.400000,1.034633,50.6332,123.1398,0,0,0,0
68.500000,1.029079,49.9384,121.8891,0,0,0,0
68.600000,1.030313,50.0928,122.1670,0,0,0,0
68.700000,1.031239,50.2086,122.3755,0,0,0,0
68.800000,1.031856,50.2858,122.5144,0,0,0,0
68.900000,1.031547,50.2472,122.4450,0,0,0,0
69.000000,1.033090,50.4402,122.7924,0,0,0,0
69.100000,1.034016,50.5560,123.0008,0,0,0,0
69.200000,1.038026,51.0579,123.9041,0,0,0,0
69.300000,1.039569,51.2509,124.2516,0,0,0,0
69.400000,1.034941,50.6718,123.2093,0,0,0,0
69.500000,1.034633,50.6332,123.1398,0,0,0,0
69.600000,1.040803,51.4053,124.5295,0,0,0,0
69.700000,1.042654,51.6369,124.9464,0,0,0,0
69.800000,1.042346,51.5983,124.8769,0,0,0,0
69.900000,1.042346,51.5983,124.8769,0,0,0,0
70.000000,1.045740,52.0229,125.6413,0,0,0,0
70.100000,1.033707,50.5174,122.9314,0,0,0,0
70.200000,1.033090,50.4402,122.7924,0,0,0,0
70.300000,1.042037,51.5597,124.8075,0,0,0,0
70.400000,1.037718,51.0193,123.8347,0,0,0,0
70.500000,1.035867,50.7876,123.4178,0,0,0,0
70.600000,1.042037,51.5597,124.8075,0,0,0,0
70.700000,1.033399,50.4788,122.8619,0,0,0,0
70.800000,1.038952,51.1737,124.1126,0,0,0,0
70.900000,1.037101,50.9421,123.6957,0,0,0,0
71.000000,1.036484,50.8648,123.5567,0,0,0,0
71.100000,1.040803,51.4053,124.5295,0,0,0,0
71.200000,1.042037,51.5597,124.8075,0,0,0,0
71.300000,1.031239,50.2086,122.3755,0,0,0,0
71.400000,1.039261,51.2123,124.1821,0,0,0,0
71.500000,1.039261,51.2123,124.1821,0,0,0,0
71.600000,1.035250,50.7104,123.2788,0,0,0,0
71.700000,1.035250,50.7104,123.2788,0,0,0,0
71.800000,1.036175,50.8262,123.4872,0,0,0,0
71.900000,1.036175,50.8262,123.4872,0,0,0,0
72.000000,1.035558,50.7490,123.3483,0,0,0,0
72.100000,1.036175,50.8262,123.4872,0,0,0,0
72.200000,1.035250,50.7104,123.2788,0,0,0,0
72.300000,1.031547,50.2472,122.4450,0,0,0,0
72.400000,1.031856,50.2858,122.5144,0,0,0,0
72.500000,1.033090,50.4402,122.7924,0,0,0,0
72.600000,1.033707,50.5174,122.9314,0,0,0,0
72.700000,1.029388,49.9770,121.9586,0,0,0,0
72.800000,1.035558,50.7490,123.3483,0,0,0,0
72.900000,1.036175,50.8262,123.4872,0,0,0,0
73.000000,1.028771,49.8998,121.8196,0,0,0,0
73.100000,1.030005,50.0542,122.0975,0,0,0,0
73.200000,1.030930,50.1700,122.3060,0,0,0,0
73.300000,1.030622,50.1314,122.2365,0,0,0,0
73.400000,1.034016,50.5560,123.0008,0,0,0,0
73.500000,1.030005,50.0542,122.0975,0,0,0,0
73.600000,1.030930,50.1700,122.3060,0,0,0,0
73.700000,1.030005,50.0542,122.0975,0,0,0,0
73.800000,1.038026,51.0579,123.9041,0,0,0,0
73.900000,1.029079,49.9384,121.8891,0,0,0,0
74.000000,1.028771,49.8998,121.8196,0,0,0,0
74.100000,1.031856,50.2858,122.5144,0,0,0,0
74.200000,1.034324,50.5946,123.0703,0,0,0,0
74.300000,1.034016,50.5560,123.0008,0,0,0,0
74.400000,1.030930,50.1700,122.3060,0,0,0,0
74.500000,1.031856,50.2858,122.5144,0,0,0,0
74.600000,1.030930,50.1700,122.3060,0,0,0,0
74.700000,1.029079,49.9384,121.8891,0,0,0,0
74.800000,1.026611,49.6296,121.3332,0,0,0,0
74.900000,1.027228,49.7068,121.4722,0,0,0,0
75.000000,1.030005,50.0542,122.0975,0,0,0,0
75.100000,1.031239,50.2086,122.3755,0,0,0,0
75.200000,1.036484,50.8648,123.5567,0,0,0,0
75.300000,1.031856,50.2858,122.5144,0,0,0,0
75.400000,1.028462,49.8612,121.7501,0,0,0,0
75.500000,1.026919,49.6682,121.4027,0,0,0,0
75.600000,1.028462,49.8612,121.7501,0,0,0,0
75.700000,1.027845,49.7840,121.6111,0,0,0,0
75.800000,1.028154,49.8226,121.6806,0,0,0,0
75.900000,1.030930,50.1700,122.3060,0,0,0,0
76.000000,1.031239,50.2086,122.3755,0,0,0,0
76.100000,1.029388,49.9770,121.9586,0,0,0,0
76.200000,1.028462,49.8612,121.7501,0,0,0,0
76.300000,1.028154,49.8226,121.6806,0,0,0,0
76.400000,1.027845,49.7840,121.6111,0,0,0,0
76.500000,1.027228,49.7068,121.4722,0,0,0,0
76.600000,1.027845,49.7840,121.6111,0,0,0,0
76.700000,1.027228,49.7068,121.4722,0,0,0,0
76.800000,1.027228,49.7068,121.4722,0,0,0,0
76.900000,1.027536,49.7454,121.5416,0,0,0,0
77.000000,1.025685,49.5137,121.1247,0,0,0,0
77.100000,1.025994,49.5523,121.1942,0,0,0,0
77.200000,1.026302,49.5910,121.2637,0,0,0,0
77.300000,1.025994,49.5523,121.1942,0,0,0,0
77.400000,1.027228,49.7068,121.4722,0,0,0,0
77.500000,1.027536,49.7454,121.5416,0,0,0,0
77.600000,1.027228,49.7068,121.4722,0,0,0,0
77.700000,1.026611,49.6296,121.3332,0,0,0,0
77.800000,1.027228,49.7068,121.4722,0,0,0,0
77.900000,1.027228,49.7068,121.4722,0,0,0,0
78.000000,1.025685,49.5137,121.1247,0,0,0,0
78.100000,1.027845,49.7840,121.6111,0,0,0,0
78.200000,1.027228,49.7068,121.4722,0,0,0,0
78.300000,1.026611,49.6296,121.3332,0,0,0,0
78.400000,1.028462,49.8612,121.7501,0,0,0,0
78.500000,1.027536,49.7454,121.5416,0,0,0,0
78.600000,1.026919,49.6682,121.4027,0,0,0,0
78.700000,1.025685,49.5137,121.1247,0,0,0,0
78.800000,1.026302,49.5910,121.2637,0,0,0,0
78.900000,1.027228,49.7068,121.4722,0,0,0,0
79.000000,1.028154,49.8226,121.6806,0,0,0,0
79.100000,1.025994,49.5523,121.1942,0,0,0,0
79.200000,1.028771,49.8998,121.8196,0,0,0,0
79.300000,1.027845,49.7840,121.6111,0,0,0,0
79.400000,1.026611,49.6296,121.3332,0,0,0,0
79.500000,1.028154,49.8226,121.6806,0,0,0,0
79.600000,1.029079,49.9384,121.8891,0,0,0,0
79.700000,1.027536,49.7454,121.5416,0,0,0,0
79.800000,1.029696,50.0156,122.0280,0,0,0,0
79.900000,1.029388,49.9770,121.9586,0,0,0,0
80.000000,1.029388,49.9770,121.9586,0,0,0,0
80.100000,1.028771,49.8998,121.8196,0,0,0,0
80.200000,1.029079,49.9384,121.8891,0,0,0,0
80.300000,1.025994,49.5523,121.1942,0,0,0,0
80.400000,1.027845,49.7840,121.6111,0,0,0,0
80.500000,1.028154,49.8226,121.6806,0,0,0,0
80.600000,1.028462,49.8612,121.7501,0,0,0,0
80.700000,1.028771,49.8998,121.8196,0,0,0,0
80.800000,1.029388,49.9770,121.9586,0,0,0,0
80.900000,1.027228,49.7068,121.4722,0,0,0,0
81.000000,1.027536,49.7454,121.5416,0,0,0,0
81.100000,1.028771,49.8998,121.8196,0,0,0,0
81.200000,1.029079,49.9384,121.8891,0,0,0,0
81.300000,1.028154,49.8226,121.6806,0,0,0,0
81.400000,1.030005,50.0542,122.0975,0,0,0,0
81.500000,1.030313,50.0928,122.1670,0,0,0,0
81.600000,1.027228,49.7068,121.4722,0,0,0,0
81.700000,1.028154,49.8226,121.6806,0,0,0,0
81.800000,1.030005,50.0542,122.0975,0,0,0,0
81.900000,1.030005,50.0542,122.0975,0,0,0,0
82.000000,1.029696,50.0156,122.0280,0,0,0,0
82.100000,1.028154,49.8226,121.6806,0,0,0,0
82.200000,1.030313,50.0928,122.1670,0,0,0,0
82.300000,1.029696,50.0156,122.0280,0,0,0,0
82.400000,1.029696,50.0156,122.0280,0,0,0,0
82.500000,1.029388,49.9770,121.9586,0,0,0,0
82.600000,1.028771,49.8998,121.8196,0,0,0,0
82.700000,1.028462,49.8612,121.7501,0,0,0,0
82.800000,1.029079,49.9384,121.8891,0,0,0,0
82.900000,1.030005,50.0542,122.0975,0,0,0,0
83.000000,1.030005,50.0542,122.0975,0,0,0,0
83.100000,1.031856,50.2858,122.5144,0,0,0,0
83.200000,1.033090,50.4402,122.7924,0,0,0,0
83.300000,1.030930,50.1700,122.3060,0,0,0,0
83.400000,1.031239,50.2086,122.3755,0,0,0,0
83.500000,1.031856,50.2858,122.5144,0,0,0,0
83.600000,1.029696,50.0156,122.0280,0,0,0,0
83.700000,1.030622,50.1314,122.2365,0,0,0,0
83.800000,1.029079,49.9384,121.8891,0,0,0,0
83.900000,1.030313,50.0928,122.1670,0,0,0,0
84.000000,1.032164,50.3244,122.5839,0,0,0,0
84.100000,1.032164,50.3244,122.5839,0,0,0,0
84.200000,1.031856,50.2858,122.5144,0,0,0,0
84.300000,1.031856,50.2858,122.5144,0,0,0,0
84.400000,1.030622,50.1314,122.2365,0,0,0,0
84.500000,1.030313,50.0928,122.1670,0,0,0,0
84.600000,1.030622,50.1314,122.2365,0,0,0,0
84.700000,1.028771,49.8998,121.8196,0,0,0,0
84.800000,1.027228,49.7068,121.4722,0,0,0,0
84.900000,1.027228,49.7068,121.4722,0,0,0,0
85.000000,1.027228,49.7068,121.4722,0,0,0,0
85.100000,1.025068,49.4365,120.9857,0,0,0,0
85.200000,1.024451,49.3593,120.8468,0,0,0,0
85.300000,1.021983,49.0505,120.2909,0,0,0,0
85.400000,1.024451,49.3593,120.8468,0,0,0,0
85.500000,1.024143,49.3207,120.7773,0,0,0,0
85.600000,1.023526,49.2435,120.6383,0,0,0,0
85.700000,1.022291,49.0891,120.3604,0,0,0,0
85.800000,1.023526,49.2435,120.6383,0,0,0,0
85.900000,1.021983,49.0505,120.2909,0,0,0,0
86.000000,1.027845,49.7840,121.6111,0,0,0,0
86.100000,1.027228,49.7068,121.4722,0,0,0,0
86.200000,1.028771,49.8998,121.8196,0,0,0,0
86.300000,1.029388,49.9770,121.9586,0,0,0,0
86.400000,1.025994,49.5523,121.1942,0,0,0,0
86.500000,1.028462,49.8612,121.7501,0,0,0,0
86.600000,1.027845,49.7840,121.6111,0,0,0,0
86.700000,1.030005,50.0542,122.0975,0,0,0,0
86.800000,1.028771,49.8998,121.8196,0,0,0,0
86.900000,1.030930,50.1700,122.3060,0,0,0,0
87.000000,1.029388,49.9770,121.9586,0,0,0,0
87.100000,1.027845,49.7840,121.6111,0,0,0,0
87.200000,1.034324,50.5946,123.0703,0,0,0,0
87.300000,1.034633,50.6332,123.1398,0,0,0,0
87.400000,1.032781,50.4016,122.7229,0,0,0,0
87.500000,1.038026,51.0579,123.9041,0,0,0,0
87.600000,1.037101,50.9421,123.6957,0,0,0,0
87.700000,1.036484,50.8648,123.5567,0,0,0,0
87.800000,1.035250,50.7104,123.2788,0,0,0,0
87.900000,1.032781,50.4016,122.7229,0,0,0,0
88.000000,1.032781,50.4016,122.7229,0,0,0,0
88.100000,1.037718,51.0193,123.8347,0,0,0,0
88.200000,1.042037,51.5597,124.8075,0,0,0,0
88.300000,1.042037,51.5597,124.8075,0,0,0,0
88.400000,1.043271,51.7141,125.0854,0,0,0,0
88.500000,1.041729,51.5211,124.7380,0,0,0,0
88.600000,1.045740,52.0229,125.6413,0,0,0,0
88.700000,1.045740,52.0229,125.6413,0,0,0,0
88.800000,1.046974,52.1773,125.9192,0,0,0,0
88.900000,1.052527,52.8722,127.1700,0,0,0,0
89.000000,1.053144,52.9494,127.3089,0,0,0,0
89.100000,1.053144,52.9494,127.3089,0,0,0,0
89.200000,1.054070,53.0652,127.5174,0,0,0,0
89.300000,1.048825,52.4090,126.3361,0,0,0,0
89.400000,1.048208,52.3318,126.1972,0,0,0,0
89.500000,1.046974,52.1773,125.9192,0,0,0,0
89.600000,1.044505,51.8685,125.3633,0,0,0,0
89.700000,1.042963,51.6755,125.0159,0,0,0,0
89.800000,1.053453,52.9880,127.3784,0,0,0,0
89.900000,1.052836,52.9108,127.2394,0,0,0,0
90.000000,1.057464,53.4899,128.2817,0,0,0,0
90.100000,1.058081,53.5671,128.4207,0,0,0,0
90.200000,1.050059,52.5634,126.6141,0,0,0,0
90.300000,1.051602,52.7564,126.9615,0,0,0,0
90.400000,1.052836,52.9108,127.2394,0,0,0,0
90.500000,1.056538,53.3740,128.0733,0,0,0,0
90.600000,1.052836,52.9108,127.2394,0,0,0,0
90.700000,1.054687,53.1424,127.6564,0,0,0,0
90.800000,1.052219,52.8336,127.1005,0,0,0,0
90.900000,1.048825,52.4090,126.3361,0,0,0,0
91.000000,1.048825,52.4090,126.3361,0,0,0,0
91.100000,1.050367,52.6020,126.6836,0,0,0,0
91.200000,1.049750,52.5248,126.5446,0,0,0,0
91.300000,1.048208,52.3318,126.1972,0,0,0,0
91.400000,1.039569,51.2509,124.2516,0,0,0,0
91.500000,1.039569,51.2509,124.2516,0,0,0,0
91.600000,1.037409,50.9807,123.7652,0,0,0,0
91.700000,1.040803,51.4053,124.5295,0,0,0,0
91.800000,1.042654,51.6369,124.9464,0,0,0,0
91.900000,1.044505,51.8685,125.3633,0,0,0,0
92.000000,1.042346,51.5983,124.8769,0,0,0,0
92.100000,1.039261,51.2123,124.1821,0,0,0,0
92.200000,1.042963,51.6755,125.0159,0,0,0,0
92.300000,1.042654,51.6369,124.9464,0,0,0,0
92.400000,1.039878,51.2895,124.3211,0,0,0,0
92.500000,1.040186,51.3281,124.3905,0,0,0,0
92.600000,1.039878,51.2895,124.3211,0,0,0,0
92.700000,1.040803,51.4053,124.5295,0,0,0,0
92.800000,1.036792,50.9035,123.6262,0,0,0,0
92.900000,1.050059,52.5634,126.6141,0,0,0,0
93.000000,1.050985,52.6792,126.8225,0,0,0,0
93.100000,1.058698,53.6443,128.5597,0,0,0,0
93.200000,1.062709,54.1461,129.4630,0,0,0,0
93.300000,1.061474,53.9917,129.1850,0,0,0,0
93.400000,1.048516,52.3704,126.2666,0,0,0,0
93.500000,1.036792,50.9035,123.6262,0,0,0,0
93.600000,1.034633,50.6332,123.1398,0,0,0,0
93.700000,1.036484,50.8648,123.5567,0,0,0,0
93.800000,1.038026,51.0579,123.9041,0,0,0,0
93.900000,1.039261,51.2123,124.1821,0,0,0,0
94.000000,1.038952,51.1737,124.1126,0,0,0,0
94.100000,1.038026,51.0579,123.9041,0,0,0,0
94.200000,1.036792,50.9035,123.6262,0,0,0,0
94.300000,1.033707,50.5174,122.9314,0,0,0,0
94.400000,1.034633,50.6332,123.1398,0,0,0,0
94.500000,1.032473,50.3630,122.6534,0,0,0,0
94.600000,1.031547,50.2472,122.4450,0,0,0,0
94.700000,1.032164,50.3244,122.5839,0,0,0,0
94.800000,1.032781,50.4016,122.7229,0,0,0,0
94.900000,1.031239,50.2086,122.3755,0,0,0,0
95.000000,1.032473,50.3630,122.6534,0,0,0,0
95.100000,1.032781,50.4016,122.7229,0,0,0,0
95.200000,1.033090,50.4402,122.7924,0,0,0,0
95.300000,1.030622,50.1314,122.2365,0,0,0,0
95.400000,1.030930,50.1700,122.3060,0,0,0,0
95.500000,1.030930,50.1700,122.3060,0,0,0,0
95.600000,1.036175,50.8262,123.4872,0,0,0,0
95.700000,1.032473,50.3630,122.6534,0,0,0,0
95.800000,1.033399,50.4788,122.8619,0,0,0,0
95.900000,1.035250,50.7104,123.2788,0,0,0,0
96.000000,1.032473,50.3630,122.6534,0,0,0,0
96.100000,1.033090,50.4402,122.7924,0,0,0,0
96.200000,1.033399,50.4788,122.8619,0,0,0,0
96.300000,1.033707,50.5174,122.9314,0,0,0,0
96.400000,1.036175,50.8262,123.4872,0,0,0,0
96.500000,1.036175,50.8262,123.4872,0,0,0,0
96.600000,1.034324,50.5946,123.0703,0,0,0,0
96.700000,1.036484,50.8648,123.5567,0,0,0,0
96.800000,1.037101,50.9421,123.6957,0,0,0,0
96.900000,1.038643,51.1351,124.0431,0,0,0,0
97.000000,1.034633,50.6332,123.1398,0,0,0,0
97.100000,1.040186,51.3281,124.3905,0,0,0,0
97.200000,1.040803,51.4053,124.5295,0,0,0,0
97.300000,1.043888,51.7913,125.2244,0,0,0,0
97.400000,1.036792,50.9035,123.6262,0,0,0,0
97.500000,1.037409,50.9807,123.7652,0,0,0,0
97.600000,1.040803,51.4053,124.5295,0,0,0,0
97.700000,1.038335,51.0965,123.9736,0,0,0,0
97.800000,1.038643,51.1351,124.0431,0,0,0,0
97.900000,1.038643,51.1351,124.0431,0,0,0,0
98.000000,1.037409,50.9807,123.7652,0,0,0,0
98.100000,1.044505,51.8685,125.3633,0,0,0,0
98.200000,1.044814,51.9071,125.4328,0,0,0,0
98.300000,1.039261,51.2123,124.1821,0,0,0,0
98.400000,1.037718,51.0193,123.8347,0,0,0,0
98.500000,1.040803,51.4053,124.5295,0,0,0,0
98.600000,1.040495,51.3667,124.4600,0,0,0,0
98.700000,1.040803,51.4053,124.5295,0,0,0,0
98.800000,1.041112,51.4439,124.5990,0,0,0,0
98.900000,1.040803,51.4053,124.5295,0,0,0,0
99.000000,1.043271,51.7141,125.0854,0,0,0,0
99.100000,1.040803,51.4053,124.5295,0,0,0,0
99.200000,1.045123,51.9457,125.5023,0,0,0,0
99.300000,1.046357,52.1001,125.7802,0,0,0,0
99.400000,1.045740,52.0229,125.6413,0,0,0,0
99.500000,1.040495,51.3667,124.4600,0,0,0,0
99.600000,1.041729,51.5211,124.7380,0,0,0,0
99.700000,1.040803,51.4053,124.5295,0,0,0,0
99.800000,1.041112,51.4439,124.5990,0,0,0,0
99.900000,1.044197,51.8299,125.2939,0,0,0,0
100.000000,1.043888,51.7913,125.2244,0,0,0,0
100.100000,1.040803,51.4053,124.5295,0,0,0,0
100.200000,1.040186,51.3281,124.3905,0,0,0,0
100.300000,1.039569,51.2509,124.2516,0,0,0,0
100.400000,1.041112,51.4439,124.5990,0,0,0,0
100.500000,1.039878,51.2895,124.3211,0,0,0,0
100.600000,1.039878,51.2895,124.3211,0,0,0,0
100.700000,1.040803,51.4053,124.5295,0,0,0,0
100.800000,1.042963,51.6755,125.0159,0,0,0,0
100.900000,1.042037,51.5597,124.8075,0,0,0,0
101.000000,1.041112,51.4439,124.5990,0,0,0,0
101.100000,1.041420,51.4825,124.6685,0,0,0,0
101.200000,1.040803,51.4053,124.5295,0,0,0,0
101.300000,1.041420,51.4825,124.6685,0,0,0,0
101.400000,1.043580,51.7527,125.1549,0,0,0,0
101.500000,1.043888,51.7913,125.2244,0,0,0,0
101.600000,1.051602,52.7564,126.9615,0,0,0,0
101.700000,1.050676,52.6406,126.7530,0,0,0,0
101.800000,1.058389,53.6057,128.4902,0,0,0,0
101.900000,1.046048,52.0615,125.7108,0,0,0,0
102.000000,1.046048,52.0615,125.7108,0,0,0,0
102.100000,1.049133,52.4476,126.4056,0,0,0,0
102.200000,1.055612,53.2582,127.8648,0,0,0,0
102.300000,1.047591,52.2546,126.0582,0,0,0,0
102.400000,1.046665,52.1387,125.8497,0,0,0,0
102.500000,1.040495,51.3667,124.4600,0,0,0,0
102.600000,1.041420,51.4825,124.6685,0,0,0,0
102.700000,1.042037,51.5597,124.8075,0,0,0,0
102.800000,1.045123,51.9457,125.5023,0,0,0,0
102.900000,1.043580,51.7527,125.1549,0,0,0,0
103.000000,1.041112,51.4439,124.5990,0,0,0,0
103.100000,1.042346,51.5983,124.8769,0,0,0,0
103.200000,1.039878,51.2895,124.3211,0,0,0,0
103.300000,1.043888,51.7913,125.2244,0,0,0,0
103.400000,1.042654,51.6369,124.9464,0,0,0,0
103.500000,1.041729,51.5211,124.7380,0,0,0,0
103.600000,1.043888,51.7913,125.2244,0,0,0,0
103.700000,1.049442,52.4862,126.4751,0,0,0,0
103.800000,1.050059,52.5634,126.6141,0,0,0,0
103.900000,1.053144,52.9494,127.3089,0,0,0,0
104.000000,1.053144,52.9494,127.3089,0,0,0,0
104.100000,1.052836,52.9108,127.2394,0,0,0,0
104.200000,1.055921,53.2968,127.9343,0,0,0,0
104.300000,1.058698,53.6443,128.5597,0,0,0,0
104.400000,1.059006,53.6829,128.6292,0,0,0,0
104.500000,1.059932,53.7987,128.8376,0,0,0,0
104.600000,1.063326,54.2233,129.6019,0,0,0,0
104.700000,1.056538,53.3740,128.0733,0,0,0,0
104.800000,1.054687,53.1424,127.6564,0,0,0,0
104.900000,1.051602,52.7564,126.9615,0,0,0,0
105.000000,1.050676,52.6406,126.7530,0,0,0,0
105.100000,1.054995,53.1810,127.7258,0,0,0,0
105.200000,1.053761,53.0266,127.4479,0,0,0,0
105.300000,1.055921,53.2968,127.9343,0,0,0,0
105.400000,1.054995,53.1810,127.7258,0,0,0,0
105.500000,1.056846,53.4126,128.1427,0,0,0,0
105.600000,1.058698,53.6443,128.5597,0,0,0,0
105.700000,1.056229,53.3354,128.0038,0,0,0,0
105.800000,1.069188,54.9568,130.9222,0,0,0,0
105.900000,1.069188,54.9568,130.9222,0,0,0,0
106.000000,1.077826,56.0376,132.8677,0,0,0,0
106.100000,1.063017,54.1847,129.5325,0,0,0,0
106.200000,1.063017,54.1847,129.5325,0,0,0,0
106.300000,1.061783,54.0303,129.2545,0,0,0,0
106.400000,1.064560,54.3777,129.8799,0,0,0,0
106.500000,1.063634,54.2619,129.6714,0,0,0,0
106.600000,1.064251,54.3391,129.8104,0,0,0,0
106.700000,1.061474,53.9917,129.1850,0,0,0,0
106.800000,1.054995,53.1810,127.7258,0,0,0,0
106.900000,1.054687,53.1424,127.6564,0,0,0,0
107.000000,1.053761,53.0266,127.4479,0,0,0,0
107.100000,1.052527,52.8722,127.1700,0,0,0,0
107.200000,1.050059,52.5634,126.6141,0,0,0,0
107.300000,1.049442,52.4862,126.4751,0,0,0,0
107.400000,1.051910,52.7950,127.0310,0,0,0,0
107.500000,1.054070,53.0652,127.5174,0,0,0,0
107.600000,1.052219,52.8336,127.1005,0,0,0,0
107.700000,1.049442,52.4862,126.4751,0,0,0,0
107.800000,1.049133,52.4476,126.4056,0,0,0,0
107.900000,1.050985,52.6792,126.8225,0,0,0,0
108.000000,1.048825,52.4090,126.3361,0,0,0,0
108.100000,1.046974,52.1773,125.9192,0,0,0,0
108.200000,1.048208,52.3318,126.1972,0,0,0,0
108.300000,1.048825,52.4090,126.3361,0,0,0,0
108.400000,1.050367,52.6020,126.6836,0,0,0,0
108.500000,1.049442,52.4862,126.4751,0,0,0,0
108.600000,1.051293,52.7178,126.8920,0,0,0,0
108.700000,1.047591,52.2546,126.0582,0,0,0,0
108.800000,1.046974,52.1773,125.9192,0,0,0,0
108.900000,1.045431,51.9843,125.5718,0,0,0,0
109.000000,1.048208,52.3318,126.1972,0,0,0,0
109.100000,1.049442,52.4862,126.4751,0,0,0,0
109.200000,1.049133,52.4476,126.4056,0,0,0,0
109.300000,1.047899,52.2932,126.1277,0,0,0,0
109.400000,1.044197,51.8299,125.2939,0,0,0,0
109.500000,1.043580,51.7527,125.1549,0,0,0,0
109.600000,1.043888,51.7913,125.2244,0,0,0,0
109.700000,1.048208,52.3318,126.1972,0,0,0,0
109.800000,1.046665,52.1387,125.8497,0,0,0,0
109.900000,1.041729,51.5211,124.7380,0,0,0,0
110.000000,1.045431,51.9843,125.5718,0,0,0,0
110.100000,1.042346,51.5983,124.8769,0,0,0,0
110.200000,1.043271,51.7141,125.0854,0,0,0,0
110.300000,1.044814,51.9071,125.4328,0,0,0,0
110.400000,1.043580,51.7527,125.1549,0,0,0,0
110.500000,1.045123,51.9457,125.5023,0,0,0,0
110.600000,1.041729,51.5211,124.7380,0,0,0,0
110.700000,1.043271,51.7141,125.0854,0,0,0,0
110.800000,1.042037,51.5597,124.8075,0,0,0,0
110.900000,1.039261,51.2123,124.1821,0,0,0,0
111.000000,1.042037,51.5597,124.8075,0,0,0,0
111.100000,1.042346,51.5983,124.8769,0,0,0,0
111.200000,1.042963,51.6755,125.0159,0,0,0,0
111.300000,1.044505,51.8685,125.3633,0,0,0,0
111.400000,1.045123,51.9457,125.5023,0,0,0,0
111.500000,1.041112,51.4439,124.5990,0,0,0,0
111.600000,1.042037,51.5597,124.8075,0,0,0,0
111.700000,1.046974,52.1773,125.9192,0,0,0,0
111.800000,1.045740,52.0229,125.6413,0,0,0,0
111.900000,1.044505,51.8685,125.3633,0,0,0,0
112.000000,1.040803,51.4053,124.5295,0,0,0,0
112.100000,1.047899,52.2932,126.1277,0,0,0,0
112.200000,1.043271,51.7141,125.0854,0,0,0,0
112.300000,1.043888,51.7913,125.2244,0,0,0,0
112.400000,1.046974,52.1773,125.9192,0,0,0,0
112.500000,1.041729,51.5211,124.7380,0,0,0,0
112.600000,1.042037,51.5597,124.8075,0,0,0,0
112.700000,1.046048,52.0615,125.7108,0,0,0,0
112.800000,1.047282,52.2160,125.9887,0,0,0,0
112.900000,1.046974,52.1773,125.9192,0,0,0,0
113.000000,1.046665,52.1387,125.8497,0,0,0,0
113.100000,1.044814,51.9071,125.4328,0,0,0,0
113.200000,1.042963,51.6755,125.0159,0,0,0,0
113.300000,1.043888,51.7913,125.2244,0,0,0,0
113.400000,1.046357,52.1001,125.7802,0,0,0,0
113.500000,1.042654,51.6369,124.9464,0,0,0,0
113.600000,1.046357,52.1001,125.7802,0,0,0,0
113.700000,1.046357,52.1001,125.7802,0,0,0,0
113.800000,1.047591,52.2546,126.0582,0,0,0,0
113.900000,1.048208,52.3318,126.1972,0,0,0,0
114.000000,1.048208,52.3318,126.1972,0,0,0,0
114.100000,1.050367,52.6020,126.6836,0,0,0,0
114.200000,1.048208,52.3318,126.1972,0,0,0,0
114.300000,1.048516,52.3704,126.2666,0,0,0,0
114.400000,1.048825,52.4090,126.3361,0,0,0,0
114.500000,1.051293,52.7178,126.8920,0,0,0,0
114.600000,1.046974,52.1773,125.9192,0,0,0,0
114.700000,1.047591,52.2546,126.0582,0,0,0,0
114.800000,1.048208,52.3318,126.1972,0,0,0,0
114.900000,1.051293,52.7178,126.8920,0,0,0,0
115.000000,1.053144,52.9494,127.3089,0,0,0,0
115.100000,1.051293,52.7178,126.8920,0,0,0,0
115.200000,1.049442,52.4862,126.4751,0,0,0,0
115.300000,1.050059,52.5634,126.6141,0,0,0,0
115.400000,1.048825,52.4090,126.3361,0,0,0,0
115.500000,1.048208,52.3318,126.1972,0,0,0,0
115.600000,1.045123,51.9457,125.5023,0,0,0,0
115.700000,1.046357,52.1001,125.7802,0,0,0,0
115.800000,1.047591,52.2546,126.0582,0,0,0,0
115.900000,1.048516,52.3704,126.2666,0,0,0,0
116.000000,1.051293,52.7178,126.8920,0,0,0,0
116.100000,1.050985,52.6792,126.8225,0,0,0,0
116.200000,1.048516,52.3704,126.2666,0,0,0,0
116.300000,1.050367,52.6020,126.6836,0,0,0,0
116.400000,1.049750,52.5248,126.5446,0,0,0,0
116.500000,1.044505,51.8685,125.3633,0,0,0,0
116.600000,1.047591,52.2546,126.0582,0,0,0,0
116.700000,1.048208,52.3318,126.1972,0,0,0,0
116.800000,1.049133,52.4476,126.4056,0,0,0,0
116.900000,1.049133,52.4476,126.4056,0,0,0,0
117.000000,1.049442,52.4862,126.4751,0,0,0,0
117.100000,1.049133,52.4476,126.4056,0,0,0,0
117.200000,1.050985,52.6792,126.8225,0,0,0,0
117.300000,1.044505,51.8685,125.3633,0,0,0,0
117.400000,1.048516,52.3704,126.2666,0,0,0,0
117.500000,1.048825,52.4090,126.3361,0,0,0,0
117.600000,1.048516,52.3704,126.2666,0,0,0,0
117.700000,1.045431,51.9843,125.5718,0,0,0,0
117.800000,1.045740,52.0229,125.6413,0,0,0,0
117.900000,1.049750,52.5248,126.5446,0,0,0,0
118.000000,1.047282,52.2160,125.9887,0,0,0,0
118.100000,1.047282,52.2160,125.9887,0,0,0,0
118.200000,1.048208,52.3318,126.1972,0,0,0,0
118.300000,1.048825,52.4090,126.3361,0,0,0,0
118.400000,1.050367,52.6020,126.6836,0,0,0,0
118.500000,1.049442,52.4862,126.4751,0,0,0,0
118.600000,1.045123,51.9457,125.5023,0,0,0,0
118.700000,1.047591,52.2546,126.0582,0,0,0,0
118.800000,1.047899,52.2932,126.1277,0,0,0,0
118.900000,1.047591,52.2546,126.0582,0,0,0,0
119.000000,1.053761,53.0266,127.4479,0,0,0,0
119.100000,1.049750,52.5248,126.5446,0,0,0,0
119.200000,1.050985,52.6792,126.8225,0,0,0,0
119.300000,1.050059,52.5634,126.6141,0,0,0,0
119.400000,1.049750,52.5248,126.5446,0,0,0,0
119.500000,1.048516,52.3704,126.2666,0,0,0,0
119.600000,1.050367,52.6020,126.6836,0,0,0,0
119.700000,1.046357,52.1001,125.7802,0,0,0,0
119.800000,1.050676,52.6406,126.7530,0,0,0,0
119.900000,1.050059,52.5634,126.6141,0,0,0,0
120.000000,1.047899,52.2932,126.1277,0,0,0,0
120.100000,1.045740,52.0229,125.6413,0,0,0,0
120.200000,1.045740,52.0229,125.6413,0,0,0,0
120.300000,1.046357,52.1001,125.7802,0,0,0,0
120.400000,1.047282,52.2160,125.9887,0,0,0,0
120.500000,1.044814,51.9071,125.4328,0,0,0,0
120.600000,1.045123,51.9457,125.5023,0,0,0,0
120.700000,1.045740,52.0229,125.6413,0,0,0,0
120.800000,1.046048,52.0615,125.7108,0,0,0,0
120.900000,1.049750,52.5248,126.5446,0,0,0,0
121.000000,1.049442,52.4862,126.4751,0,0,0,0
121.100000,1.044197,51.8299,125.2939,0,0,0,0
121.200000,1.043271,51.7141,125.0854,0,0,0,0
121.300000,1.043580,51.7527,125.1549,0,0,0,0
121.400000,1.044814,51.9071,125.4328,0,0,0,0
121.500000,1.046357,52.1001,125.7802,0,0,0,0
121.600000,1.046048,52.0615,125.7108,0,0,0,0
121.700000,1.046665,52.1387,125.8497,0,0,0,0
121.800000,1.047282,52.2160,125.9887,0,0,0,0
121.900000,1.050059,52.5634,126.6141,0,0,0,0
122.000000,1.049750,52.5248,126.5446,0,0,0,0
122.100000,1.053144,52.9494,127.3089,0,0,0,0
122.200000,1.053761,53.0266,127.4479,0,0,0,0
122.300000,1.054070,53.0652,127.5174,0,0,0,0
122.400000,1.059315,53.7215,128.6986,0,0,0,0
122.500000,1.072581,55.3814,131.6865,0,0,0,0
122.600000,1.081837,56.5395,133.7711,0,0,0,0
122.700000,1.081837,56.5395,133.7711,0,0,0,0
122.800000,1.075050,55.6902,132.2424,0,0,0,0
122.900000,1.070113,55.0726,131.1306,0,0,0,0
123.000000,1.069496,54.9954,130.9916,0,0,0,0
123.100000,1.065177,54.4549,130.0189,0,0,0,0
123.200000,1.065177,54.4549,130.0189,0,0,0,0
123.300000,1.067336,54.7251,130.5052,0,0,0,0
123.400000,1.066102,54.5707,130.2273,0,0,0,0
123.500000,1.066719,54.6479,130.3663,0,0,0,0
123.600000,1.064868,54.4163,129.9494,0,0,0,0
123.700000,1.066102,54.5707,130.2273,0,0,0,0
123.800000,1.064560,54.3777,129.8799,0,0,0,0
123.900000,1.066719,54.6479,130.3663,0,0,0,0
124.000000,1.061166,53.9531,129.1155,0,0,0,0
124.100000,1.059623,53.7601,128.7681,0,0,0,0
124.200000,1.058081,53.5671,128.4207,0,0,0,0
124.300000,1.065177,54.4549,130.0189,0,0,0,0
124.400000,1.061783,54.0303,129.2545,0,0,0,0
124.500000,1.063017,54.1847,129.5325,0,0,0,0
124.600000,1.062091,54.0689,129.3240,0,0,0,0
124.700000,1.063943,54.3005,129.7409,0,0,0,0
124.800000,1.062091,54.0689,129.3240,0,0,0,0
124.900000,1.059932,53.7987,128.8376,0,0,0,0
125.000000,1.060240,53.8373,128.9071,0,0,0,0
125.100000,1.057772,53.5285,128.3512,0,0,0,0
125.200000,1.059623,53.7601,128.7681,0,0,0,0
125.300000,1.060857,53.9145,129.0461,0,0,0,0
125.400000,1.055612,53.2582,127.8648,0,0,0,0
125.500000,1.059006,53.6829,128.6292,0,0,0,0
125.600000,1.058698,53.6443,128.5597,0,0,0,0
125.700000,1.057155,53.4513,128.2122,0,0,0,0
125.800000,1.068262,54.8410,130.7137,0,0,0,0
125.900000,1.068879,54.9182,130.8527,0,0,0,0
126.000000,1.066102,54.5707,130.2273,0,0,0,0
126.100000,1.063634,54.2619,129.6714,0,0,0,0
126.200000,1.065177,54.4549,130.0189,0,0,0,0
126.300000,1.066102,54.5707,130.2273,0,0,0,0
126.400000,1.071656,55.2656,131.4781,0,0,0,0
126.500000,1.064868,54.4163,129.9494,0,0,0,0
126.600000,1.064560,54.3777,129.8799,0,0,0,0
126.700000,1.070113,55.0726,131.1306,0,0,0,0
126.800000,1.071039,55.1884,131.3391,0,0,0,0
126.900000,1.070113,55.0726,131.1306,0,0,0,0
127.000000,1.066719,54.6479,130.3663,0,0,0,0
127.100000,1.067028,54.6865,130.4358,0,0,0,0
127.200000,1.067645,54.7637,130.5747,0,0,0,0
127.300000,1.068879,54.9182,130.8527,0,0,0,0
127.400000,1.068262,54.8410,130.7137,0,0,0,0
127.500000,1.070730,55.1498,131.2696,0,0,0,0
127.600000,1.071656,55.2656,131.4781,0,0,0,0
127.700000,1.067028,54.6865,130.4358,0,0,0,0
127.800000,1.068879,54.9182,130.8527,0,0,0,0
127.900000,1.067336,54.7251,130.5052,0,0,0,0
128.000000,1.067645,54.7637,130.5747,0,0,0,0
128.100000,1.063326,54.2233,129.6019,0,0,0,0
128.200000,1.063326,54.2233,129.6019,0,0,0,0
128.300000,1.063326,54.2233,129.6019,0,0,0,0
128.400000,1.057464,53.4899,128.2817,0,0,0,0
128.500000,1.057155,53.4513,128.2122,0,0,0,0
128.600000,1.060240,53.8373,128.9071,0,0,0,0
128.700000,1.060549,53.8759,128.9766,0,0,0,0
128.800000,1.061783,54.0303,129.2545,0,0,0,0
128.900000,1.059623,53.7601,128.7681,0,0,0,0
129.000000,1.058389,53.6057,128.4902,0,0,0,0
129.100000,1.063017,54.1847,129.5325,0,0,0,0
129.200000,1.058698,53.6443,128.5597,0,0,0,0
129.300000,1.057155,53.4513,128.2122,0,0,0,0
129.400000,1.056846,53.4126,128.1427,0,0,0,0
129.500000,1.058081,53.5671,128.4207,0,0,0,0
129.600000,1.061783,54.0303,129.2545,0,0,0,0
129.700000,1.061474,53.9917,129.1850,0,0,0,0
129.800000,1.061783,54.0303,129.2545,0,0,0,0
129.900000,1.070113,55.0726,131.1306,0,0,0,0
130.000000,1.079986,56.3079,133.3542,0,0,0,0
130.100000,1.079061,56.1921,133.1457,0,0,0,0
130.200000,1.076284,55.8446,132.5203,0,0,0,0
130.300000,1.064868,54.4163,129.9494,0,0,0,0
130.400000,1.065177,54.4549,130.0189,0,0,0,0
130.500000,1.059006,53.6829,128.6292,0,0,0,0
130.600000,1.058698,53.6443,128.5597,0,0,0,0
130.700000,1.054070,53.0652,127.5174,0,0,0,0
130.800000,1.054995,53.1810,127.7258,0,0,0,0
130.900000,1.054070,53.0652,127.5174,0,0,0,0
131.000000,1.053453,52.9880,127.3784,0,0,0,0
131.100000,1.053761,53.0266,127.4479,0,0,0,0
131.200000,1.053761,53.0266,127.4479,0,0,0,0
131.300000,1.055304,53.2196,127.7953,0,0,0,0
131.400000,1.054070,53.0652,127.5174,0,0,0,0
131.500000,1.053144,52.9494,127.3089,0,0,0,0
131.600000,1.057155,53.4513,128.2122,0,0,0,0
131.700000,1.052527,52.8722,127.1700,0,0,0,0
131.800000,1.051910,52.7950,127.0310,0,0,0,0
131.900000,1.057464,53.4899,128.2817,0,0,0,0
132.000000,1.050676,52.6406,126.7530,0,0,0,0
132.100000,1.050367,52.6020,126.6836,0,0,0,0
132.200000,1.047899,52.2932,126.1277,0,0,0,0
132.300000,1.049750,52.5248,126.5446,0,0,0,0
132.400000,1.054687,53.1424,127.6564,0,0,0,0
132.500000,1.054070,53.0652,127.5174,0,0,0,0
132.600000,1.050367,52.6020,126.6836,0,0,0,0
132.700000,1.049442,52.4862,126.4751,0,0,0,0
132.800000,1.048825,52.4090,126.3361,0,0,0,0
132.900000,1.048825,52.4090,126.3361,0,0,0,0
133.000000,1.049750,52.5248,126.5446,0,0,0,0
133.100000,1.049750,52.5248,126.5446,0,0,0,0
133.200000,1.049750,52.5248,126.5446,0,0,0,0
133.300000,1.051293,52.7178,126.8920,0,0,0,0
133.400000,1.051910,52.7950,127.0310,0,0,0,0
133.500000,1.052219,52.8336,127.1005,0,0,0,0
133.600000,1.052219,52.8336,127.1005,0,0,0,0
133.700000,1.052527,52.8722,127.1700,0,0,0,0
133.800000,1.050985,52.6792,126.8225,0,0,0,0
133.900000,1.050676,52.6406,126.7530,0,0,0,0
134.000000,1.051910,52.7950,127.0310,0,0,0,0
134.100000,1.051910,52.7950,127.0310,0,0,0,0
134.200000,1.052836,52.9108,127.2394,0,0,0,0
134.300000,1.051910,52.7950,127.0310,0,0,0,0
134.400000,1.053144,52.9494,127.3089,0,0,0,0
134.500000,1.056229,53.3354,128.0038,0,0,0,0
134.600000,1.056229,53.3354,128.0038,0,0,0,0
134.700000,1.056229,53.3354,128.0038,0,0,0,0
134.800000,1.054378,53.1038,127.5869,0,0,0,0
134.900000,1.054687,53.1424,127.6564,0,0,0,0
135.000000,1.053453,52.9880,127.3784,0,0,0,0
135.100000,1.063017,54.1847,129.5325,0,0,0,0
135.200000,1.063017,54.1847,129.5325,0,0,0,0
135.300000,1.075667,55.7674,132.3814,0,0,0,0
135.400000,1.080295,56.3465,133.4236,0,0,0,0
135.500000,1.067336,54.7251,130.5052,0,0,0,0
135.600000,1.066102,54.5707,130.2273,0,0,0,0
135.700000,1.060549,53.8759,128.9766,0,0,0,0
135.800000,1.059006,53.6829,128.6292,0,0,0,0
135.900000,1.059315,53.7215,128.6986,0,0,0,0
136.000000,1.067028,54.6865,130.4358,0,0,0,0
136.100000,1.077518,55.9990,132.7983,0,0,0,0
136.200000,1.064560,54.3777,129.8799,0,0,0,0
136.300000,1.064868,54.4163,129.9494,0,0,0,0
136.400000,1.063326,54.2233,129.6019,0,0,0,0
136.500000,1.060857,53.9145,129.0461,0,0,0,0
136.600000,1.061474,53.9917,129.1850,0,0,0,0
136.700000,1.076901,55.9218,132.6593,0,0,0,0
136.800000,1.101583,59.0101,138.2181,0,0,0,0
136.900000,1.113924,60.5542,140.9975,0,0,0,0
137.000000,1.114850,60.6700,141.2060,0,0,0,0
137.100000,1.092944,57.9292,136.2725,0,0,0,0
137.200000,1.087391,57.2343,135.0218,0,0,0,0
137.300000,1.087699,57.2729,135.0913,0,0,0,0
137.400000,1.081220,56.4623,133.6321,0,0,0,0
137.500000,1.073816,55.5358,131.9644,0,0,0,0
137.600000,1.076284,55.8446,132.5203,0,0,0,0
137.700000,1.074433,55.6130,132.1034,0,0,0,0
137.800000,1.077209,55.9604,132.7288,0,0,0,0
137.900000,1.091402,57.7362,135.9251,0,0,0,0
138.000000,1.091402,57.7362,135.9251,0,0,0,0
138.100000,1.103434,59.2417,138.6350,0,0,0,0
138.200000,1.101583,59.0101,138.2181,0,0,0,0
138.300000,1.101583,59.0101,138.2181,0,0,0,0
138.400000,1.100657,58.8943,138.0097,0,0,0,0
138.500000,1.103743,59.2803,138.7045,0,0,0,0
138.600000,1.103126,59.2031,138.5656,0,0,0,0
138.700000,1.102509,59.1259,138.4266,0,0,0,0
138.800000,1.102200,59.0873,138.3571,0,0,0,0
138.900000,1.101583,59.0101,138.2181,0,0,0,0
139.000000,1.099423,58.7398,137.7317,0,0,0,0
139.100000,1.100966,58.9329,138.0791,0,0,0,0
139.200000,1.101583,59.0101,138.2181,0,0,0,0
139.300000,1.102200,59.0873,138.3571,0,0,0,0
139.400000,1.101892,59.0487,138.2876,0,0,0,0
139.500000,1.100966,58.9329,138.0791,0,0,0,0
139.600000,1.100966,58.9329,138.0791,0,0,0,0
139.700000,1.100657,58.8943,138.0097,0,0,0,0
139.800000,1.100349,58.8557,137.9402,0,0,0,0
139.900000,1.099423,58.7398,137.7317,0,0,0,0
140.000000,1.098498,58.6240,137.5233,0,0,0,0
140.100000,1.098806,58.6626,137.5927,0,0,0,0
140.200000,1.098189,58.5854,137.4538,0,0,0,0
140.300000,1.099423,58.7398,137.7317,0,0,0,0
140.400000,1.100657,58.8943,138.0097,0,0,0,0
140.500000,1.099732,58.7785,137.8012,0,0,0,0
140.600000,1.098498,58.6240,137.5233,0,0,0,0
140.700000,1.098806,58.6626,137.5927,0,0,0,0
140.800000,1.098806,58.6626,137.5927,0,0,0,0
140.900000,1.096955,58.4310,137.1759,0,0,0,0
141.000000,1.100040,58.8171,137.8707,0,0,0,0
141.100000,1.100657,58.8943,138.0097,0,0,0,0
141.200000,1.099732,58.7785,137.8012,0,0,0,0
141.300000,1.099732,58.7785,137.8012,0,0,0,0
141.400000,1.097572,58.5082,137.3148,0,0,0,0
141.500000,1.097881,58.5468,137.3843,0,0,0,0
141.600000,1.096338,58.3538,137.0369,0,0,0,0
141.700000,1.098189,58.5854,137.4538,0,0,0,0
141.800000,1.097881,58.5468,137.3843,0,0,0,0
141.900000,1.097881,58.5468,137.3843,0,0,0,0
142.000000,1.099115,58.7012,137.6622,0,0,0,0
142.100000,1.098498,58.6240,137.5233,0,0,0,0
142.200000,1.097264,58.4696,137.2453,0,0,0,0
142.300000,1.096647,58.3924,137.1064,0,0,0,0
142.400000,1.097264,58.4696,137.2453,0,0,0,0
142.500000,1.096647,58.3924,137.1064,0,0,0,0
142.600000,1.096338,58.3538,137.0369,0,0,0,0
142.700000,1.096338,58.3538,137.0369,0,0,0,0
142.800000,1.096955,58.4310,137.1759,0,0,0,0
142.900000,1.095721,58.2766,136.8979,0,0,0,0
143.000000,1.096955,58.4310,137.1759,0,0,0,0
143.100000,1.095412,58.2380,136.8284,0,0,0,0
143.200000,1.097881,58.5468,137.3843,0,0,0,0
143.300000,1.096338,58.3538,137.0369,0,0,0,0
143.400000,1.096955,58.4310,137.1759,0,0,0,0
143.500000,1.094487,58.1222,136.6200,0,0,0,0
143.600000,1.096030,58.3152,136.9674,0,0,0,0
143.700000,1.095412,58.2380,136.8284,0,0,0,0
143.800000,1.096338,58.3538,137.0369,0,0,0,0
143.900000,1.093561,58.0064,136.4115,0,0,0,0
144.000000,1.096030,58.3152,136.9674,0,0,0,0
144.100000,1.095412,58.2380,136.8284,0,0,0,0
144.200000,1.097572,58.5082,137.3148,0,0,0,0
144.300000,1.096030,58.3152,136.9674,0,0,0,0
144.400000,1.095721,58.2766,136.8979,0,0,0,0
144.500000,1.096030,58.3152,136.9674,0,0,0,0
144.600000,1.094795,58.1608,136.6895,0,0,0,0
144.700000,1.094487,58.1222,136.6200,0,0,0,0
144.800000,1.096647,58.3924,137.1064,0,0,0,0
144.900000,1.094487,58.1222,136.6200,0,0,0,0
145.000000,1.095721,58.2766,136.8979,0,0,0,0
145.100000,1.095412,58.2380,136.8284,0,0,0,0
145.200000,1.094178,58.0836,136.5505,0,0,0,0
145.300000,1.095104,58.1994,136.7589,0,0,0,0
145.400000,1.095412,58.2380,136.8284,0,0,0,0
145.500000,1.093870,58.0450,136.4810,0,0,0,0
145.600000,1.093870,58.0450,136.4810,0,0,0,0
145.700000,1.095412,58.2380,136.8284,0,0,0,0
145.800000,1.095104,58.1994,136.7589,0,0,0,0
145.900000,1.096030,58.3152,136.9674,0,0,0,0
146.000000,1.093253,57.9678,136.3420,0,0,0,0
146.100000,1.093561,58.0064,136.4115,0,0,0,0
146.200000,1.094178,58.0836,136.5505,0,0,0,0
146.300000,1.093561,58.0064,136.4115,0,0,0,0
146.400000,1.093253,57.9678,136.3420,0,0,0,0
146.500000,1.092019,57.8134,136.0641,0,0,0,0
146.600000,1.093561,58.0064,136.4115,0,0,0,0
146.700000,1.093561,58.0064,136.4115,0,0,0,0
146.800000,1.093870,58.0450,136.4810,0,0,0,0
146.900000,1.093561,58.0064,136.4115,0,0,0,0
147.000000,1.093253,57.9678,136.3420,0,0,0,0
147.100000,1.093870,58.0450,136.4810,0,0,0,0
147.200000,1.092019,57.8134,136.0641,0,0,0,0
147.300000,1.092636,57.8906,136.2030,0,0,0,0
147.400000,1.093870,58.0450,136.4810,0,0,0,0
147.500000,1.091402,57.7362,135.9251,0,0,0,0
147.600000,1.094795,58.1608,136.6895,0,0,0,0
147.700000,1.092944,57.9292,136.2725,0,0,0,0
147.800000,1.092019,57.8134,136.0641,0,0,0,0
147.900000,1.091710,57.7748,135.9946,0,0,0,0
148.000000,1.093870,58.0450,136.4810,0,0,0,0
148.100000,1.093870,58.0450,136.4810,0,0,0,0
148.200000,1.092327,57.8520,136.1336,0,0,0,0
148.300000,1.092019,57.8134,136.0641,0,0,0,0
148.400000,1.093253,57.9678,136.3420,0,0,0,0
148.500000,1.092944,57.9292,136.2725,0,0,0,0
148.600000,1.092019,57.8134,136.0641,0,0,0,0
148.700000,1.092944,57.9292,136.2725,0,0,0,0
148.800000,1.092327,57.8520,136.1336,0,0,0,0
148.900000,1.092944,57.9292,136.2725,0,0,0,0
149.000000,1.091402,57.7362,135.9251,0,0,0,0
149.100000,1.093870,58.0450,136.4810,0,0,0,0
149.200000,1.091402,57.7362,135.9251,0,0,0,0
149.300000,1.093561,58.0064,136.4115,0,0,0,0
149.400000,1.090785,57.6590,135.7861,0,0,0,0
149.500000,1.092327,57.8520,136.1336,0,0,0,0
149.600000,1.092636,57.8906,136.2030,0,0,0,0
149.700000,1.091402,57.7362,135.9251,0,0,0,0
149.800000,1.091402,57.7362,135.9251,0,0,0,0
149.900000,1.092636,57.8906,136.2030,0,0,0,0
150.000000,1.092944,57.9292,136.2725,0,0,0,0
150.100000,1.093561,58.0064,136.4115,0,0,0,0
150.200000,1.090785,57.6590,135.7861,0,0,0,0
150.300000,1.091093,57.6976,135.8556,0,0,0,0
150.400000,1.092019,57.8134,136.0641,0,0,0,0
150.500000,1.091402,57.7362,135.9251,0,0,0,0
150.600000,1.091402,57.7362,135.9251,0,0,0,0
150.700000,1.090785,57.6590,135.7861,0,0,0,0
150.800000,1.092636,57.8906,136.2030,0,0,0,0
150.900000,1.092019,57.8134,136.0641,0,0,0,0
151.000000,1.092019,57.8134,136.0641,0,0,0,0
151.100000,1.091093,57.6976,135.8556,0,0,0,0
151.200000,1.091093,57.6976,135.8556,0,0,0,0
151.300000,1.089242,57.4660,135.4387,0,0,0,0
151.400000,1.091402,57.7362,135.9251,0,0,0,0
151.500000,1.092327,57.8520,136.1336,0,0,0,0
151.600000,1.091710,57.7748,135.9946,0,0,0,0
151.700000,1.091093,57.6976,135.8556,0,0,0,0
151.800000,1.092019,57.8134,136.0641,0,0,0,0
151.900000,1.092019,57.8134,136.0641,0,0,0,0
152.000000,1.091093,57.6976,135.8556,0,0,0,0
152.100000,1.091093,57.6976,135.8556,0,0,0,0
152.200000,1.092327,57.8520,136.1336,0,0,0,0
152.300000,1.091402,57.7362,135.9251,0,0,0,0
152.400000,1.090168,57.5818,135.6472,0,0,0,0
152.500000,1.091093,57.6976,135.8556,0,0,0,0
152.600000,1.091093,57.6976,135.8556,0,0,0,0
152.700000,1.091402,57.7362,135.9251,0,0,0,0
152.800000,1.091402,57.7362,135.9251,0,0,0,0
152.900000,1.091093,57.6976,135.8556,0,0,0,0
153.000000,1.091710,57.7748,135.9946,0,0,0,0
153.100000,1.092944,57.9292,136.2725,0,0,0,0
153.200000,1.090785,57.6590,135.7861,0,0,0,0
153.300000,1.092944,57.9292,136.2725,0,0,0,0
153.400000,1.091710,57.7748,135.9946,0,0,0,0
153.500000,1.089859,57.5432,135.5777,0,0,0,0
153.600000,1.088933,57.4274,135.3692,0,0,0,0
153.700000,1.091093,57.6976,135.8556,0,0,0,0
153.800000,1.091093,57.6976,135.8556,0,0,0,0
153.900000,1.089859,57.5432,135.5777,0,0,0,0
154.000000,1.091402,57.7362,135.9251,0,0,0,0
154.100000,1.089859,57.5432,135.5777,0,0,0,0
154.200000,1.091402,57.7362,135.9251,0,0,0,0
154.300000,1.088316,57.3501,135.2303,0,0,0,0
154.400000,1.090476,57.6204,135.7166,0,0,0,0
154.500000,1.089859,57.5432,135.5777,0,0,0,0
154.600000,1.090785,57.6590,135.7861,0,0,0,0
154.700000,1.089242,57.4660,135.4387,0,0,0,0
154.800000,1.089242,57.4660,135.4387,0,0,0,0
154.900000,1.089550,57.5046,135.5082,0,0,0,0
155.000000,1.088008,57.3115,135.1608,0,0,0,0
155.100000,1.087082,57.1957,134.9523,0,0,0,0
155.200000,1.088625,57.3887,135.2997,0,0,0,0
155.300000,1.091093,57.6976,135.8556,0,0,0,0
155.400000,1.090168,57.5818,135.6472,0,0,0,0
155.500000,1.088933,57.4274,135.3692,0,0,0,0
155.600000,1.089242,57.4660,135.4387,0,0,0,0
155.700000,1.090785,57.6590,135.7861,0,0,0,0
155.800000,1.089550,57.5046,135.5082,0,0,0,0
155.900000,1.089550,57.5046,135.5082,0,0,0,0
156.000000,1.090785,57.6590,135.7861,0,0,0,0
156.100000,1.090476,57.6204,135.7166,0,0,0,0
156.200000,1.088008,57.3115,135.1608,0,0,0,0
156.300000,1.089242,57.4660,135.4387,0,0,0,0
156.400000,1.090168,57.5818,135.6472,0,0,0,0
156.500000,1.091402,57.7362,135.9251,0,0,0,0
156.600000,1.090476,57.6204,135.7166,0,0,0,0
156.700000,1.089242,57.4660,135.4387,0,0,0,0
156.800000,1.088625,57.3887,135.2997,0,0,0,0
156.900000,1.090785,57.6590,135.7861,0,0,0,0
157.000000,1.089550,57.5046,135.5082,0,0,0,0
157.100000,1.086465,57.1185,134.8134,0,0,0,0
157.200000,1.090168,57.5818,135.6472,0,0,0,0
157.300000,1.089242,57.4660,135.4387,0,0,0,0
157.400000,1.088316,57.3501,135.2303,0,0,0,0
157.500000,1.088008,57.3115,135.1608,0,0,0,0
157.600000,1.090168,57.5818,135.6472,0,0,0,0
157.700000,1.089859,57.5432,135.5777,0,0,0,0
157.800000,1.088008,57.3115,135.1608,0,0,0,0
157.900000,1.088316,57.3501,135.2303,0,0,0,0
158.000000,1.089859,57.5432,135.5777,0,0,0,0
158.100000,1.088008,57.3115,135.1608,0,0,0,0
158.200000,1.088008,57.3115,135.1608,0,0,0,0
158.300000,1.088625,57.3887,135.2997,0,0,0,0
158.400000,1.089242,57.4660,135.4387,0,0,0,0
158.500000,1.089550,57.5046,135.5082,0,0,0,0
158.600000,1.088625,57.3887,135.2997,0,0,0,0
158.700000,1.087082,57.1957,134.9523,0,0,0,0
158.800000,1.088933,57.4274,135.3692,0,0,0,0
158.900000,1.088008,57.3115,135.1608,0,0,0,0
159.000000,1.089242,57.4660,135.4387,0,0,0,0
159.100000,1.088933,57.4274,135.3692,0,0,0,0
159.200000,1.086465,57.1185,134.8134,0,0,0,0
159.300000,1.087391,57.2343,135.0218,0,0,0,0
159.400000,1.085231,56.9641,134.5354,0,0,0,0
159.500000,1.087699,57.2729,135.0913,0,0,0,0
159.600000,1.087391,57.2343,135.0218,0,0,0,0
159.700000,1.087082,57.1957,134.9523,0,0,0,0
159.800000,1.087699,57.2729,135.0913,0,0,0,0
159.900000,1.088625,57.3887,135.2997,0,0,0,0
160.000000,1.088008,57.3115,135.1608,0,0,0,0
160.100000,1.085848,57.0413,134.6744,0,0,0,0
160.200000,1.087391,57.2343,135.0218,0,0,0,0
160.300000,1.087699,57.2729,135.0913,0,0,0,0
160.400000,1.086157,57.0799,134.7439,0,0,0,0
160.500000,1.086157,57.0799,134.7439,0,0,0,0
160.600000,1.086157,57.0799,134.7439,0,0,0,0
160.700000,1.086157,57.0799,134.7439,0,0,0,0
160.800000,1.085231,56.9641,134.5354,0,0,0,0
160.900000,1.087082,57.1957,134.9523,0,0,0,0
161.000000,1.085540,57.0027,134.6049,0,0,0,0
161.100000,1.086774,57.1571,134.8828,0,0,0,0
161.200000,1.086157,57.0799,134.7439,0,0,0,0
161.300000,1.087391,57.2343,135.0218,0,0,0,0
161.400000,1.086465,57.1185,134.8134,0,0,0,0
161.500000,1.087699,57.2729,135.0913,0,0,0,0
161.600000,1.083688,56.7711,134.1880,0,0,0,0
161.700000,1.087082,57.1957,134.9523,0,0,0,0
161.800000,1.086465,57.1185,134.8134,0,0,0,0
161.900000,1.086774,57.1571,134.8828,0,0,0,0
162.000000,1.084923,56.9255,134.4659,0,0,0,0
162.100000,1.087391,57.2343,135.0218,0,0,0,0
162.200000,1.086774,57.1571,134.8828,0,0,0,0
162.300000,1.086465,57.1185,134.8134,0,0,0,0
162.400000,1.084614,56.8869,134.3964,0,0,0,0
162.500000,1.086157,57.0799,134.7439,0,0,0,0
162.600000,1.087082,57.1957,134.9523,0,0,0,0
162.700000,1.086774,57.1571,134.8828,0,0,0,0
162.800000,1.086774,57.1571,134.8828,0,0,0,0
162.900000,1.087391,57.2343,135.0218,0,0,0,0
163.000000,1.085540,57.0027,134.6049,0,0,0,0
163.100000,1.085848,57.0413,134.6744,0,0,0,0
163.200000,1.087391,57.2343,135.0218,0,0,0,0
163.300000,1.086465,57.1185,134.8134,0,0,0,0
163.400000,1.085540,57.0027,134.6049,0,0,0,0
163.500000,1.086465,57.1185,134.8134,0,0,0,0
163.600000,1.087082,57.1957,134.9523,0,0,0,0
163.700000,1.085540,57.0027,134.6049,0,0,0,0
163.800000,1.086774,57.1571,134.8828,0,0,0,0
163.900000,1.086465,57.1185,134.8134,0,0,0,0
164.000000,1.087082,57.1957,134.9523,0,0,0,0
164.100000,1.088008,57.3115,135.1608,0,0,0,0
164.200000,1.086157,57.0799,134.7439,0,0,0,0
164.300000,1.084306,56.8483,134.3270,0,0,0,0
164.400000,1.087699,57.2729,135.0913,0,0,0,0
164.500000,1.085848,57.0413,134.6744,0,0,0,0
164.600000,1.087699,57.2729,135.0913,0,0,0,0
164.700000,1.087082,57.1957,134.9523,0,0,0,0
164.800000,1.087699,57.2729,135.0913,0,0,0,0
164.900000,1.086774,57.1571,134.8828,0,0,0,0
165.000000,1.086465,57.1185,134.8134,0,0,0,0
165.100000,1.086157,57.0799,134.7439,0,0,0,0
165.200000,1.085540,57.0027,134.6049,0,0,0,0
165.300000,1.086465,57.1185,134.8134,0,0,0,0
165.400000,1.087699,57.2729,135.0913,0,0,0,0
165.500000,1.086774,57.1571,134.8828,0,0,0,0
165.600000,1.089550,57.5046,135.5082,0,0,0,0
165.700000,1.086465,57.1185,134.8134,0,0,0,0
165.800000,1.084614,56.8869,134.3964,0,0,0,0
165.900000,1.084614,56.8869,134.3964,0,0,0,0
166.000000,1.086157,57.0799,134.7439,0,0,0,0
166.100000,1.085231,56.9641,134.5354,0,0,0,0
166.200000,1.084923,56.9255,134.4659,0,0,0,0
166.300000,1.084923,56.9255,134.4659,0,0,0,0
166.400000,1.086774,57.1571,134.8828,0,0,0,0
166.500000,1.087699,57.2729,135.0913,0,0,0,0
166.600000,1.087391,57.2343,135.0218,0,0,0,0
166.700000,1.086465,57.1185,134.8134,0,0,0,0
166.800000,1.086774,57.1571,134.8828,0,0,0,0
166.900000,1.086774,57.1571,134.8828,0,0,0,0
167.000000,1.085231,56.9641,134.5354,0,0,0,0
167.100000,1.085231,56.9641,134.5354,0,0,0,0
167.200000,1.087082,57.1957,134.9523,0,0,0,0
167.300000,1.087699,57.2729,135.0913,0,0,0,0
167.400000,1.088933,57.4274,135.3692,0,0,0,0
167.500000,1.086774,57.1571,134.8828,0,0,0,0
167.600000,1.088316,57.3501,135.2303,0,0,0,0
167.700000,1.084306,56.8483,134.3270,0,0,0,0
167.800000,1.084614,56.8869,134.3964,0,0,0,0
167.900000,1.084923,56.9255,134.4659,0,0,0,0
168.000000,1.086774,57.1571,134.8828,0,0,0,0
168.100000,1.081837,56.5395,133.7711,0,0,0,0
168.200000,1.084923,56.9255,134.4659,0,0,0,0
168.300000,1.085540,57.0027,134.6049,0,0,0,0
168.400000,1.084614,56.8869,134.3964,0,0,0,0
168.500000,1.086465,57.1185,134.8134,0,0,0,0
168.600000,1.085231,56.9641,134.5354,0,0,0,0
168.700000,1.086157,57.0799,134.7439,0,0,0,0
168.800000,1.085231,56.9641,134.5354,0,0,0,0
168.900000,1.087082,57.1957,134.9523,0,0,0,0
169.000000,1.086774,57.1571,134.8828,0,0,0,0
169.100000,1.085540,57.0027,134.6049,0,0,0,0
169.200000,1.084923,56.9255,134.4659,0,0,0,0
169.300000,1.084923,56.9255,134.4659,0,0,0,0
169.400000,1.085848,57.0413,134.6744,0,0,0,0
169.500000,1.086465,57.1185,134.8134,0,0,0,0
169.600000,1.086157,57.0799,134.7439,0,0,0,0
169.700000,1.083997,56.8097,134.2575,0,0,0,0
169.800000,1.086157,57.0799,134.7439,0,0,0,0
169.900000,1.085848,57.0413,134.6744,0,0,0,0
170.000000,1.085540,57.0027,134.6049,0,0,0,0
170.100000,1.085231,56.9641,134.5354,0,0,0,0
170.200000,1.084306,56.8483,134.3270,0,0,0,0
170.300000,1.086465,57.1185,134.8134,0,0,0,0
170.400000,1.086465,57.1185,134.8134,0,0,0,0
170.500000,1.086157,57.0799,134.7439,0,0,0,0
170.600000,1.085848,57.0413,134.6744,0,0,0,0
170.700000,1.083380,56.7325,134.1185,0,0,0,0
170.800000,1.085848,57.0413,134.6744,0,0,0,0
170.900000,1.084614,56.8869,134.3964,0,0,0,0
171.000000,1.086157,57.0799,134.7439,0,0,0,0
171.100000,1.084306,56.8483,134.3270,0,0,0,0
171.200000,1.085231,56.9641,134.5354,0,0,0,0
171.300000,1.085848,57.0413,134.6744,0,0,0,0
171.400000,1.087082,57.1957,134.9523,0,0,0,0
171.500000,1.087699,57.2729,135.0913,0,0,0,0
171.600000,1.085540,57.0027,134.6049,0,0,0,0
171.700000,1.084923,56.9255,134.4659,0,0,0,0
171.800000,1.086157,57.0799,134.7439,0,0,0,0
171.900000,1.086465,57.1185,134.8134,0,0,0,0
172.000000,1.085540,57.0027,134.6049,0,0,0,0
172.100000,1.085848,57.0413,134.6744,0,0,0,0
172.200000,1.085848,57.0413,134.6744,0,0,0,0
172.300000,1.084614,56.8869,134.3964,0,0,0,0
172.400000,1.085231,56.9641,134.5354,0,0,0,0
172.500000,1.084306,56.8483,134.3270,0,0,0,0
172.600000,1.084614,56.8869,134.3964,0,0,0,0
172.700000,1.084923,56.9255,134.4659,0,0,0,0
172.800000,1.085848,57.0413,134.6744,0,0,0,0
172.900000,1.086465,57.1185,134.8134,0,0,0,0
173.000000,1.085848,57.0413,134.6744,0,0,0,0
173.100000,1.085848,57.0413,134.6744,0,0,0,0
173.200000,1.086157,57.0799,134.7439,0,0,0,0
173.300000,1.085848,57.0413,134.6744,0,0,0,0
173.400000,1.084306,56.8483,134.3270,0,0,0,0
173.500000,1.085848,57.0413,134.6744,0,0,0,0
173.600000,1.085231,56.9641,134.5354,0,0,0,0
173.700000,1.085540,57.0027,134.6049,0,0,0,0
173.800000,1.086774,57.1571,134.8828,0,0,0,0
173.900000,1.084923,56.9255,134.4659,0,0,0,0
174.000000,1.085231,56.9641,134.5354,0,0,0,0
174.100000,1.085848,57.0413,134.6744,0,0,0,0
174.200000,1.088625,57.3887,135.2997,0,0,0,0
174.300000,1.085540,57.0027,134.6049,0,0,0,0
174.400000,1.085540,57.0027,134.6049,0,0,0,0
174.500000,1.085848,57.0413,134.6744,0,0,0,0
174.600000,1.086774,57.1571,134.8828,0,0,0,0
174.700000,1.086157,57.0799,134.7439,0,0,0,0
174.800000,1.086157,57.0799,134.7439,0,0,0,0
174.900000,1.086774,57.1571,134.8828,0,0,0,0
175.000000,1.086157,57.0799,134.7439,0,0,0,0
175.100000,1.085848,57.0413,134.6744,0,0,0,0
175.200000,1.084923,56.9255,134.4659,0,0,0,0
175.300000,1.085231,56.9641,134.5354,0,0,0,0
175.400000,1.084306,56.8483,134.3270,0,0,0,0
175.500000,1.086157,57.0799,134.7439,0,0,0,0
175.600000,1.085540,57.0027,134.6049,0,0,0,0
175.700000,1.085848,57.0413,134.6744,0,0,0,0
175.800000,1.085848,57.0413,134.6744,0,0,0,0
175.900000,1.084306,56.8483,134.3270,0,0,0,0
176.000000,1.084923,56.9255,134.4659,0,0,0,0
176.100000,1.085848,57.0413,134.6744,0,0,0,0
176.200000,1.086157,57.0799,134.7439,0,0,0,0
176.300000,1.085231,56.9641,134.5354,0,0,0,0
176.400000,1.086157,57.0799,134.7439,0,0,0,0
176.500000,1.084923,56.9255,134.4659,0,0,0,0
176.600000,1.083997,56.8097,134.2575,0,0,0,0
176.700000,1.081837,56.5395,133.7711,0,0,0,0
176.800000,1.080912,56.4237,133.5626,0,0,0,0
176.900000,1.081529,56.5009,133.7016,0,0,0,0
177.000000,1.080295,56.3465,133.4236,0,0,0,0
177.100000,1.076901,55.9218,132.6593,0,0,0,0
177.200000,1.079061,56.1921,133.1457,0,0,0,0
177.300000,1.078444,56.1149,133.0067,0,0,0,0
177.400000,1.077826,56.0376,132.8677,0,0,0,0
177.500000,1.077826,56.0376,132.8677,0,0,0,0
177.600000,1.077518,55.9990,132.7983,0,0,0,0
177.700000,1.077209,55.9604,132.7288,0,0,0,0
177.800000,1.075975,55.8060,132.4509,0,0,0,0
177.900000,1.075975,55.8060,132.4509,0,0,0,0
178.000000,1.074124,55.5744,132.0339,0,0,0,0
178.100000,1.076901,55.9218,132.6593,0,0,0,0
178.200000,1.075358,55.7288,132.3119,0,0,0,0
178.300000,1.071347,55.2270,131.4086,0,0,0,0
178.400000,1.074741,55.6516,132.1729,0,0,0,0
178.500000,1.074124,55.5744,132.0339,0,0,0,0
178.600000,1.073199,55.4586,131.8255,0,0,0,0
178.700000,1.073816,55.5358,131.9644,0,0,0,0
178.800000,1.076592,55.8832,132.5898,0,0,0,0
178.900000,1.075358,55.7288,132.3119,0,0,0,0
179.000000,1.075050,55.6902,132.2424,0,0,0,0
179.100000,1.075975,55.8060,132.4509,0,0,0,0
179.200000,1.072273,55.3428,131.6170,0,0,0,0
179.300000,1.073199,55.4586,131.8255,0,0,0,0
179.400000,1.072273,55.3428,131.6170,0,0,0,0
179.500000,1.075667,55.7674,132.3814,0,0,0,0
179.600000,1.076901,55.9218,132.6593,0,0,0,0
179.700000,1.074433,55.6130,132.1034,0,0,0,0
179.800000,1.072890,55.4200,131.7560,0,0,0,0
179.900000,1.073507,55.4972,131.8950,0,0,0,0
180.000000,1.074741,55.6516,132.1729,0,0,0,0
180.100000,1.074433,55.6130,132.1034,0,0,0,0
180.200000,1.076284,55.8446,132.5203,0,0,0,0
180.300000,1.076284,55.8446,132.5203,0,0,0,0
180.400000,1.075667,55.7674,132.3814,0,0,0,0
180.500000,1.073816,55.5358,131.9644,0,0,0,0
180.600000,1.075667,55.7674,132.3814,0,0,0,0
180.700000,1.074741,55.6516,132.1729,0,0,0,0
180.800000,1.075050,55.6902,132.2424,0,0,0,0
180.900000,1.073507,55.4972,131.8950,0,0,0,0
181.000000,1.075975,55.8060,132.4509,0,0,0,0
181.100000,1.075050,55.6902,132.2424,0,0,0,0
181.200000,1.073199,55.4586,131.8255,0,0,0,0
181.300000,1.072581,55.3814,131.6865,0,0,0,0
181.400000,1.073816,55.5358,131.9644,0,0,0,0
181.500000,1.072273,55.3428,131.6170,0,0,0,0
181.600000,1.074124,55.5744,132.0339,0,0,0,0
181.700000,1.073816,55.5358,131.9644,0,0,0,0
181.800000,1.073816,55.5358,131.9644,0,0,0,0
181.900000,1.073507,55.4972,131.8950,0,0,0,0
182.000000,1.074433,55.6130,132.1034,0,0,0,0
182.100000,1.074433,55.6130,132.1034,0,0,0,0
182.200000,1.074741,55.6516,132.1729,0,0,0,0
182.300000,1.074124,55.5744,132.0339,0,0,0,0
182.400000,1.074741,55.6516,132.1729,0,0,0,0
182.500000,1.074741,55.6516,132.1729,0,0,0,0
182.600000,1.073199,55.4586,131.8255,0,0,0,0
182.700000,1.074433,55.6130,132.1034,0,0,0,0
182.800000,1.074124,55.5744,132.0339,0,0,0,0
182.900000,1.073816,55.5358,131.9644,0,0,0,0
183.000000,1.075358,55.7288,132.3119,0,0,0,0
183.100000,1.074124,55.5744,132.0339,0,0,0,0
183.200000,1.073507,55.4972,131.8950,0,0,0,0
183.300000,1.073199,55.4586,131.8255,0,0,0,0
183.400000,1.074124,55.5744,132.0339,0,0,0,0
183.500000,1.074124,55.5744,132.0339,0,0,0,0
183.600000,1.073816,55.5358,131.9644,0,0,0,0
183.700000,1.074433,55.6130,132.1034,0,0,0,0
183.800000,1.074433,55.6130,132.1034,0,0,0,0
183.900000,1.075050,55.6902,132.2424,0,0,0,0
184.000000,1.074124,55.5744,132.0339,0,0,0,0
184.100000,1.073199,55.4586,131.8255,0,0,0,0
184.200000,1.074741,55.6516,132.1729,0,0,0,0
184.300000,1.075050,55.6902,132.2424,0,0,0,0
184.400000,1.073199,55.4586,131.8255,0,0,0,0
184.500000,1.073816,55.5358,131.9644,0,0,0,0
184.600000,1.075050,55.6902,132.2424,0,0,0,0
184.700000,1.073816,55.5358,131.9644,0,0,0,0
184.800000,1.074124,55.5744,132.0339,0,0,0,0
184.900000,1.073816,55.5358,131.9644,0,0,0,0
185.000000,1.074741,55.6516,132.1729,0,0,0,0
185.100000,1.074741,55.6516,132.1729,0,0,0,0
185.200000,1.074741,55.6516,132.1729,0,0,0,0
185.300000,1.074741,55.6516,132.1729,0,0,0,0
185.400000,1.073199,55.4586,131.8255,0,0,0,0
185.500000,1.074741,55.6516,132.1729,0,0,0,0
185.600000,1.075050,55.6902,132.2424,0,0,0,0
185.700000,1.076592,55.8832,132.5898,0,0,0,0
185.800000,1.075358,55.7288,132.3119,0,0,0,0
185.900000,1.073507,55.4972,131.8950,0,0,0,0
186.000000,1.074433,55.6130,132.1034,0,0,0,0
186.100000,1.074741,55.6516,132.1729,0,0,0,0
186.200000,1.075050,55.6902,132.2424,0,0,0,0
186.300000,1.074741,55.6516,132.1729,0,0,0,0
186.400000,1.075050,55.6902,132.2424,0,0,0,0
186.500000,1.075975,55.8060,132.4509,0,0,0,0
186.600000,1.075050,55.6902,132.2424,0,0,0,0
186.700000,1.075050,55.6902,132.2424,0,0,0,0
186.800000,1.075975,55.8060,132.4509,0,0,0,0
186.900000,1.073199,55.4586,131.8255,0,0,0,0
187.000000,1.073199,55.4586,131.8255,0,0,0,0
187.100000,1.073199,55.4586,131.8255,0,0,0,0
187.200000,1.073507,55.4972,131.8950,0,0,0,0
187.300000,1.073507,55.4972,131.8950,0,0,0,0
187.400000,1.076284,55.8446,132.5203,0,0,0,0
187.500000,1.074124,55.5744,132.0339,0,0,0,0
187.600000,1.075050,55.6902,132.2424,0,0,0,0
187.700000,1.075050,55.6902,132.2424,0,0,0,0
187.800000,1.075050,55.6902,132.2424,0,0,0,0
187.900000,1.073507,55.4972,131.8950,0,0,0,0
188.000000,1.072273,55.3428,131.6170,0,0,0,0
188.100000,1.073199,55.4586,131.8255,0,0,0,0
188.200000,1.073816,55.5358,131.9644,0,0,0,0
188.300000,1.073507,55.4972,131.8950,0,0,0,0
188.400000,1.075050,55.6902,132.2424,0,0,0,0
188.500000,1.075975,55.8060,132.4509,0,0,0,0
188.600000,1.075050,55.6902,132.2424,0,0,0,0
188.700000,1.074433,55.6130,132.1034,0,0,0,0
188.800000,1.074741,55.6516,132.1729,0,0,0,0
188.900000,1.074433,55.6130,132.1034,0,0,0,0
189.000000,1.072273,55.3428,131.6170,0,0,0,0
189.100000,1.075358,55.7288,132.3119,0,0,0,0
189.200000,1.073199,55.4586,131.8255,0,0,0,0
189.300000,1.074124,55.5744,132.0339,0,0,0,0
189.400000,1.073507,55.4972,131.8950,0,0,0,0
189.500000,1.073199,55.4586,131.8255,0,0,0,0
189.600000,1.075358,55.7288,132.3119,0,0,0,0
189.700000,1.073199,55.4586,131.8255,0,0,0,0
189.800000,1.074124,55.5744,132.0339,0,0,0,0
189.900000,1.075050,55.6902,132.2424,0,0,0,0
190.000000,1.075358,55.7288,132.3119,0,0,0,0
190.100000,1.073199,55.4586,131.8255,0,0,0,0
190.200000,1.075667,55.7674,132.3814,0,0,0,0
190.300000,1.075975,55.8060,132.4509,0,0,0,0
190.400000,1.075358,55.7288,132.3119,0,0,0,0
190.500000,1.074124,55.5744,132.0339,0,0,0,0
190.600000,1.075050,55.6902,132.2424,0,0,0,0
190.700000,1.073816,55.5358,131.9644,0,0,0,0
190.800000,1.074124,55.5744,132.0339,0,0,0,0
190.900000,1.074741,55.6516,132.1729,0,0,0,0
191.000000,1.073507,55.4972,131.8950,0,0,0,0
191.100000,1.074433,55.6130,132.1034,0,0,0,0
191.200000,1.075667,55.7674,132.3814,0,0,0,0
191.300000,1.075975,55.8060,132.4509,0,0,0,0
191.400000,1.074124,55.5744,132.0339,0,0,0,0
191.500000,1.073816,55.5358,131.9644,0,0,0,0
191.600000,1.073507,55.4972,131.8950,0,0,0,0
191.700000,1.074741,55.6516,132.1729,0,0,0,0
191.800000,1.074433,55.6130,132.1034,0,0,0,0
191.900000,1.075975,55.8060,132.4509,0,0,0,0
192.000000,1.073199,55.4586,131.8255,0,0,0,0
192.100000,1.075975,55.8060,132.4509,0,0,0,0
192.200000,1.075975,55.8060,132.4509,0,0,0,0
192.300000,1.075050,55.6902,132.2424,0,0,0,0
192.400000,1.073507,55.4972,131.8950,0,0,0,0
192.500000,1.074741,55.6516,132.1729,0,0,0,0
192.600000,1.075358,55.7288,132.3119,0,0,0,0
192.700000,1.074741,55.6516,132.1729,0,0,0,0
192.800000,1.075050,55.6902,132.2424,0,0,0,0
192.900000,1.076284,55.8446,132.5203,0,0,0,0
193.000000,1.074741,55.6516,132.1729,0,0,0,0
193.100000,1.075050,55.6902,132.2424,0,0,0,0
193.200000,1.076284,55.8446,132.5203,0,0,0,0
193.300000,1.074741,55.6516,132.1729,0,0,0,0
193.400000,1.073507,55.4972,131.8950,0,0,0,0
193.500000,1.075050,55.6902,132.2424,0,0,0,0
193.600000,1.072273,55.3428,131.6170,0,0,0,0
193.700000,1.074433,55.6130,132.1034,0,0,0,0
193.800000,1.075975,55.8060,132.4509,0,0,0,0
193.900000,1.075050,55.6902,132.2424,0,0,0,0
194.000000,1.075975,55.8060,132.4509,0,0,0,0
194.100000,1.073816,55.5358,131.9644,0,0,0,0
194.200000,1.075358,55.7288,132.3119,0,0,0,0
194.300000,1.074433,55.6130,132.1034,0,0,0,0
194.400000,1.075050,55.6902,132.2424,0,0,0,0
194.500000,1.075358,55.7288,132.3119,0,0,0,0
194.600000,1.074433,55.6130,132.1034,0,0,0,0
194.700000,1.075050,55.6902,132.2424,0,0,0,0
194.800000,1.074433,55.6130,132.1034,0,0,0,0
194.900000,1.075975,55.8060,132.4509,0,0,0,0
195.000000,1.074741,55.6516,132.1729,0,0,0,0
195.100000,1.075667,55.7674,132.3814,0,0,0,0
195.200000,1.075975,55.8060,132.4509,0,0,0,0
195.300000,1.074433,55.6130,132.1034,0,0,0,0
195.400000,1.075050,55.6902,132.2424,0,0,0,0
195.500000,1.075050,55.6902,132.2424,0,0,0,0
195.600000,1.075667,55.7674,132.3814,0,0,0,0
195.700000,1.073507,55.4972,131.8950,0,0,0,0
195.800000,1.074433,55.6130,132.1034,0,0,0,0
195.900000,1.075050,55.6902,132.2424,0,0,0,0
196.000000,1.074433,55.6130,132.1034,0,0,0,0
196.100000,1.075050,55.6902,132.2424,0,0,0,0
196.200000,1.074124,55.5744,132.0339,0,0,0,0
196.300000,1.075358,55.7288,132.3119,0,0,0,0
196.400000,1.074741,55.6516,132.1729,0,0,0,0
196.500000,1.075975,55.8060,132.4509,0,0,0,0
196.600000,1.075975,55.8060,132.4509,0,0,0,0
196.700000,1.075050,55.6902,132.2424,0,0,0,0
196.800000,1.074741,55.6516,132.1729,0,0,0,0
196.900000,1.074124,55.5744,132.0339,0,0,0,0
197.000000,1.075667,55.7674,132.3814,0,0,0,0
197.100000,1.072581,55.3814,131.6865,0,0,0,0
197.200000,1.074433,55.6130,132.1034,0,0,0,0
197.300000,1.073507,55.4972,131.8950,0,0,0,0
197.400000,1.073199,55.4586,131.8255,0,0,0,0
197.500000,1.075358,55.7288,132.3119,0,0,0,0
197.600000,1.074433,55.6130,132.1034,0,0,0,0
197.700000,1.074741,55.6516,132.1729,0,0,0,0
197.800000,1.075358,55.7288,132.3119,0,0,0,0
197.900000,1.072890,55.4200,131.7560,0,0,0,0
198.000000,1.075358,55.7288,132.3119,0,0,0,0
198.100000,1.075667,55.7674,132.3814,0,0,0,0
198.200000,1.073507,55.4972,131.8950,0,0,0,0
198.300000,1.072273,55.3428,131.6170,0,0,0,0
198.400000,1.074124,55.5744,132.0339,0,0,0,0
198.500000,1.073507,55.4972,131.8950,0,0,0,0
198.600000,1.072890,55.4200,131.7560,0,0,0,0
198.700000,1.074741,55.6516,132.1729,0,0,0,0
198.800000,1.075050,55.6902,132.2424,0,0,0,0
198.900000,1.073816,55.5358,131.9644,0,0,0,0
199.000000,1.073816,55.5358,131.9644,0,0,0,0
199.100000,1.074433,55.6130,132.1034,0,0,0,0
199.200000,1.071964,55.3042,131.5475,0,0,0,0
199.300000,1.074124,55.5744,132.0339,0,0,0,0
199.400000,1.075358,55.7288,132.3119,0,0,0,0
199.500000,1.074124,55.5744,132.0339,0,0,0,0
199.600000,1.074433,55.6130,132.1034,0,0,0,0
199.700000,1.074124,55.5744,132.0339,0,0,0,0
199.800000,1.074124,55.5744,132.0339,0,0,0,0
199.900000,1.074124,55.5744,132.0339,0,0,0,0
200.000000,1.074124,55.5744,132.0339,0,0,0,0
200.100000,1.074124,55.5744,132.0339,0,0,0,0
200.200000,1.075050,55.6902,132.2424,0,0,0,0
200.300000,1.074433,55.6130,132.1034,0,0,0,0
200.400000,1.074124,55.5744,132.0339,0,0,0,0
200.500000,1.074433,55.6130,132.1034,0,0,0,0
200.600000,1.075975,55.8060,132.4509,0,0,0,0
200.700000,1.074741,55.6516,132.1729,0,0,0,0
200.800000,1.075358,55.7288,132.3119,0,0,0,0
200.900000,1.075050,55.6902,132.2424,0,0,0,0
201.000000,1.074741,55.6516,132.1729,0,0,0,0
201.100000,1.073199,55.4586,131.8255,0,0,0,0
201.200000,1.072581,55.3814,131.6865,0,0,0,0
201.300000,1.073199,55.4586,131.8255,0,0,0,0
201.400000,1.071347,55.2270,131.4086,0,0,0,0
201.500000,1.072581,55.3814,131.6865,0,0,0,0
201.600000,1.073816,55.5358,131.9644,0,0,0,0
201.700000,1.071039,55.1884,131.3391,0,0,0,0
201.800000,1.072581,55.3814,131.6865,0,0,0,0
201.900000,1.070113,55.0726,131.1306,0,0,0,0
202.000000,1.072890,55.4200,131.7560,0,0,0,0
202.100000,1.073816,55.5358,131.9644,0,0,0,0
202.200000,1.072273,55.3428,131.6170,0,0,0,0
202.300000,1.072581,55.3814,131.6865,0,0,0,0
202.400000,1.073507,55.4972,131.8950,0,0,0,0
202.500000,1.072581,55.3814,131.6865,0,0,0,0
202.600000,1.073199,55.4586,131.8255,0,0,0,0
202.700000,1.072273,55.3428,131.6170,0,0,0,0
202.800000,1.073816,55.5358,131.9644,0,0,0,0
202.900000,1.073816,55.5358,131.9644,0,0,0,0
203.000000,1.073816,55.5358,131.9644,0,0,0,0
203.100000,1.074741,55.6516,132.1729,0,0,0,0
203.200000,1.075050,55.6902,132.2424,0,0,0,0
203.300000,1.074433,55.6130,132.1034,0,0,0,0
203.400000,1.073199,55.4586,131.8255,0,0,0,0
203.500000,1.074741,55.6516,132.1729,0,0,0,0
203.600000,1.073816,55.5358,131.9644,0,0,0,0
203.700000,1.073816,55.5358,131.9644,0,0,0,0
203.800000,1.075667,55.7674,132.3814,0,0,0,0
203.900000,1.074124,55.5744,132.0339,0,0,0,0
204.000000,1.074741,55.6516,132.1729,0,0,0,0
204.100000,1.074433,55.6130,132.1034,0,0,0,0
204.200000,1.075050,55.6902,132.2424,0,0,0,0
204.300000,1.073507,55.4972,131.8950,0,0,0,0
204.400000,1.073199,55.4586,131.8255,0,0,0,0
204.500000,1.073507,55.4972,131.8950,0,0,0,0
204.600000,1.072581,55.3814,131.6865,0,0,0,0
204.700000,1.072890,55.4200,131.7560,0,0,0,0
204.800000,1.074433,55.6130,132.1034,0,0,0,0
204.900000,1.073816,55.5358,131.9644,0,0,0,0
205.000000,1.075050,55.6902,132.2424,0,0,0,0
205.100000,1.075975,55.8060,132.4509,0,0,0,0
205.200000,1.074741,55.6516,132.1729,0,0,0,0
205.300000,1.073199,55.4586,131.8255,0,0,0,0
205.400000,1.074741,55.6516,132.1729,0,0,0,0
205.500000,1.075358,55.7288,132.3119,0,0,0,0
205.600000,1.075667,55.7674,132.3814,0,0,0,0
205.700000,1.075358,55.7288,132.3119,0,0,0,0
205.800000,1.076901,55.9218,132.6593,0,0,0,0
205.900000,1.075667,55.7674,132.3814,0,0,0,0
206.000000,1.075667,55.7674,132.3814,0,0,0,0
206.100000,1.075667,55.7674,132.3814,0,0,0,0
206.200000,1.074741,55.6516,132.1729,0,0,0,0
206.300000,1.074124,55.5744,132.0339,0,0,0,0
206.400000,1.074124,55.5744,132.0339,0,0,0,0
206.500000,1.074433,55.6130,132.1034,0,0,0,0
206.600000,1.074433,55.6130,132.1034,0,0,0,0
206.700000,1.075050,55.6902,132.2424,0,0,0,0
206.800000,1.075667,55.7674,132.3814,0,0,0,0
206.900000,1.073816,55.5358,131.9644,0,0,0,0
207.000000,1.075667,55.7674,132.3814,0,0,0,0
207.100000,1.076592,55.8832,132.5898,0,0,0,0
207.200000,1.076284,55.8446,132.5203,0,0,0,0
207.300000,1.075667,55.7674,132.3814,0,0,0,0
207.400000,1.075358,55.7288,132.3119,0,0,0,0
207.500000,1.076901,55.9218,132.6593,0,0,0,0
207.600000,1.075667,55.7674,132.3814,0,0,0,0
207.700000,1.075358,55.7288,132.3119,0,0,0,0
207.800000,1.073816,55.5358,131.9644,0,0,0,0
207.900000,1.074741,55.6516,132.1729,0,0,0,0
208.000000,1.075975,55.8060,132.4509,0,0,0,0
208.100000,1.075358,55.7288,132.3119,0,0,0,0
208.200000,1.075667,55.7674,132.3814,0,0,0,0
208.300000,1.076284,55.8446,132.5203,0,0,0,0
208.400000,1.075050,55.6902,132.2424,0,0,0,0
208.500000,1.076901,55.9218,132.6593,0,0,0,0
208.600000,1.076284,55.8446,132.5203,0,0,0,0
208.700000,1.075975,55.8060,132.4509,0,0,0,0
208.800000,1.075358,55.7288,132.3119,0,0,0,0
208.900000,1.075050,55.6902,132.2424,0,0,0,0
209.000000,1.075050,55.6902,132.2424,0,0,0,0
209.100000,1.075975,55.8060,132.4509,0,0,0,0
209.200000,1.071964,55.3042,131.5475,0,0,0,0
209.300000,1.076284,55.8446,132.5203,0,0,0,0
209.400000,1.075667,55.7674,132.3814,0,0,0,0
209.500000,1.075050,55.6902,132.2424,0,0,0,0
209.600000,1.075050,55.6902,132.2424,0,0,0,0
209.700000,1.075667,55.7674,132.3814,0,0,0,0
209.800000,1.076901,55.9218,132.6593,0,0,0,0
209.900000,1.076901,55.9218,132.6593,0,0,0,0
210.000000,1.075050,55.6902,132.2424,0,0,0,0
210.100000,1.076592,55.8832,132.5898,0,0,0,0
210.200000,1.077209,55.9604,132.7288,0,0,0,0
210.300000,1.076592,55.8832,132.5898,0,0,0,0
210.400000,1.073816,55.5358,131.9644,0,0,0,0
210.500000,1.075358,55.7288,132.3119,0,0,0,0
210.600000,1.075667,55.7674,132.3814,0,0,0,0
210.700000,1.076284,55.8446,132.5203,0,0,0,0
210.800000,1.075358,55.7288,132.3119,0,0,0,0
210.900000,1.075975,55.8060,132.4509,0,0,0,0
211.000000,1.077209,55.9604,132.7288,0,0,0,0
211.100000,1.075975,55.8060,132.4509,0,0,0,0
211.200000,1.075050,55.6902,132.2424,0,0,0,0
211.300000,1.077209,55.9604,132.7288,0,0,0,0
211.400000,1.076284,55.8446,132.5203,0,0,0,0
211.500000,1.077209,55.9604,132.7288,0,0,0,0
211.600000,1.075358,55.7288,132.3119,0,0,0,0
211.700000,1.075975,55.8060,132.4509,0,0,0,0
211.800000,1.074741,55.6516,132.1729,0,0,0,0
211.900000,1.075975,55.8060,132.4509,0,0,0,0
212.000000,1.075975,55.8060,132.4509,0,0,0,0
212.100000,1.075050,55.6902,132.2424,0,0,0,0
212.200000,1.075050,55.6902,132.2424,0,0,0,0
212.300000,1.069188,54.9568,130.9222,0,0,0,0
212.400000,1.068879,54.9182,130.8527,0,0,0,0
212.500000,1.069805,55.0340,131.0611,0,0,0,0
212.600000,1.069805,55.0340,131.0611,0,0,0,0
212.700000,1.070730,55.1498,131.2696,0,0,0,0
212.800000,1.069188,54.9568,130.9222,0,0,0,0
212.900000,1.069496,54.9954,130.9916,0,0,0,0
213.000000,1.069188,54.9568,130.9222,0,0,0,0
213.100000,1.069188,54.9568,130.9222,0,0,0,0
213.200000,1.070113,55.0726,131.1306,0,0,0,0
213.300000,1.067336,54.7251,130.5052,0,0,0,0
213.400000,1.066719,54.6479,130.3663,0,0,0,0
213.500000,1.065794,54.5321,130.1578,0,0,0,0
213.600000,1.066719,54.6479,130.3663,0,0,0,0
213.700000,1.065794,54.5321,130.1578,0,0,0,0
213.800000,1.065177,54.4549,130.0189,0,0,0,0
213.900000,1.067028,54.6865,130.4358,0,0,0,0
214.000000,1.065485,54.4935,130.0883,0,0,0,0
214.100000,1.066719,54.6479,130.3663,0,0,0,0
214.200000,1.065485,54.4935,130.0883,0,0,0,0
214.300000,1.067336,54.7251,130.5052,0,0,0,0
214.400000,1.065485,54.4935,130.0883,0,0,0,0
214.500000,1.064251,54.3391,129.8104,0,0,0,0
214.600000,1.061166,53.9531,129.1155,0,0,0,0
214.700000,1.058389,53.6057,128.4902,0,0,0,0
214.800000,1.060549,53.8759,128.9766,0,0,0,0
214.900000,1.068879,54.9182,130.8527,0,0,0,0
215.000000,1.068879,54.9182,130.8527,0,0,0,0
215.100000,1.063634,54.2619,129.6714,0,0,0,0
215.200000,1.064560,54.3777,129.8799,0,0,0,0
215.300000,1.067336,54.7251,130.5052,0,0,0,0
215.400000,1.079369,56.2307,133.2152,0,0,0,0
215.500000,1.080912,56.4237,133.5626,0,0,0,0
215.600000,1.066719,54.6479,130.3663,0,0,0,0
215.700000,1.075975,55.8060,132.4509,0,0,0,0
215.800000,1.066719,54.6479,130.3663,0,0,0,0
215.900000,1.067954,54.8024,130.6442,0,0,0,0
216.000000,1.065485,54.4935,130.0883,0,0,0,0
216.100000,1.068879,54.9182,130.8527,0,0,0,0
216.200000,1.067336,54.7251,130.5052,0,0,0,0
216.300000,1.075358,55.7288,132.3119,0,0,0,0
216.400000,1.085848,57.0413,134.6744,0,0,0,0
216.500000,1.087391,57.2343,135.0218,0,0,0,0
216.600000,1.086774,57.1571,134.8828,0,0,0,0
216.700000,1.092636,57.8906,136.2030,0,0,0,0
216.800000,1.087699,57.2729,135.0913,0,0,0,0
216.900000,1.085848,57.0413,134.6744,0,0,0,0
217.000000,1.079986,56.3079,133.3542,0,0,0,0
217.100000,1.082454,56.6167,133.9100,0,0,0,0
217.200000,1.083380,56.7325,134.1185,0,0,0,0
217.300000,1.080912,56.4237,133.5626,0,0,0,0
217.400000,1.084614,56.8869,134.3964,0,0,0,0
217.500000,1.089859,57.5432,135.5777,0,0,0,0
217.600000,1.089550,57.5046,135.5082,0,0,0,0
217.700000,1.097572,58.5082,137.3148,0,0,0,0
217.800000,1.092636,57.8906,136.2030,0,0,0,0
217.900000,1.087082,57.1957,134.9523,0,0,0,0
218.000000,1.086774,57.1571,134.8828,0,0,0,0
218.100000,1.093870,58.0450,136.4810,0,0,0,0
218.200000,1.085848,57.0413,134.6744,0,0,0,0
218.300000,1.086157,57.0799,134.7439,0,0,0,0
218.400000,1.089859,57.5432,135.5777,0,0,0,0
218.500000,1.094178,58.0836,136.5505,0,0,0,0
218.600000,1.100657,58.8943,138.0097,0,0,0,0
218.700000,1.102200,59.0873,138.3571,0,0,0,0
218.800000,1.090785,57.6590,135.7861,0,0,0,0
218.900000,1.084306,56.8483,134.3270,0,0,0,0
219.000000,1.084614,56.8869,134.3964,0,0,0,0
219.100000,1.090476,57.6204,135.7166,0,0,0,0
219.200000,1.093561,58.0064,136.4115,0,0,0,0
219.300000,1.101892,59.0487,138.2876,0,0,0,0
219.400000,1.100657,58.8943,138.0097,0,0,0,0
219.500000,1.086465,57.1185,134.8134,0,0,0,0
219.600000,1.085848,57.0413,134.6744,0,0,0,0
219.700000,1.086465,57.1185,134.8134,0,0,0,0
219.800000,1.093561,58.0064,136.4115,0,0,0,0
219.900000,1.096030,58.3152,136.9674,0,0,0,0
220.000000,1.098498,58.6240,137.5233,0,0,0,0
220.100000,1.098806,58.6626,137.5927,0,0,0,0
220.200000,1.083071,56.6939,134.0490,0,0,0,0
220.300000,1.087391,57.2343,135.0218,0,0,0,0
220.400000,1.088316,57.3501,135.2303,0,0,0,0
220.500000,1.093253,57.9678,136.3420,0,0,0,0
220.600000,1.097881,58.5468,137.3843,0,0,0,0
220.700000,1.098498,58.6240,137.5233,0,0,0,0
220.800000,1.095412,58.2380,136.8284,0,0,0,0
220.900000,1.084923,56.9255,134.4659,0,0,0,0
221.000000,1.089859,57.5432,135.5777,0,0,0,0
221.100000,1.090168,57.5818,135.6472,0,0,0,0
221.200000,1.094487,58.1222,136.6200,0,0,0,0
221.300000,1.103743,59.2803,138.7045,0,0,0,0
221.400000,1.098498,58.6240,137.5233,0,0,0,0
221.500000,1.091093,57.6976,135.8556,0,0,0,0
221.600000,1.083688,56.7711,134.1880,0,0,0,0
221.700000,1.092327,57.8520,136.1336,0,0,0,0
221.800000,1.094178,58.0836,136.5505,0,0,0,0
221.900000,1.095104,58.1994,136.7589,0,0,0,0
222.000000,1.101892,59.0487,138.2876,0,0,0,0
222.100000,1.102200,59.0873,138.3571,0,0,0,0
222.200000,1.098806,58.6626,137.5927,0,0,0,0
222.300000,1.098498,58.6240,137.5233,0,0,0,0
222.400000,1.092636,57.8906,136.2030,0,0,0,0
222.500000,1.100349,58.8557,137.9402,0,0,0,0
222.600000,1.100657,58.8943,138.0097,0,0,0,0
222.700000,1.098189,58.5854,137.4538,0,0,0,0
222.800000,1.104051,59.3189,138.7740,0,0,0,0
222.900000,1.098189,58.5854,137.4538,0,0,0,0
223.000000,1.096955,58.4310,137.1759,0,0,0,0
223.100000,1.088625,57.3887,135.2997,0,0,0,0
223.200000,1.088625,57.3887,135.2997,0,0,0,0
223.300000,1.090476,57.6204,135.7166,0,0,0,0
223.400000,1.089242,57.4660,135.4387,0,0,0,0
223.500000,1.099423,58.7398,137.7317,0,0,0,0
223.600000,1.094795,58.1608,136.6895,0,0,0,0
223.700000,1.095412,58.2380,136.8284,0,0,0,0
223.800000,1.092019,57.8134,136.0641,0,0,0,0
223.900000,1.094178,58.0836,136.5505,0,0,0,0
224.000000,1.094178,58.0836,136.5505,0,0,0,0
224.100000,1.093561,58.0064,136.4115,0,0,0,0
224.200000,1.086774,57.1571,134.8828,0,0,0,0
224.300000,1.087391,57.2343,135.0218,0,0,0,0
224.400000,1.086774,57.1571,134.8828,0,0,0,0
224.500000,1.085848,57.0413,134.6744,0,0,0,0
224.600000,1.088316,57.3501,135.2303,0,0,0,0
224.700000,1.088933,57.4274,135.3692,0,0,0,0
224.800000,1.077518,55.9990,132.7983,0,0,0,0
224.900000,1.078444,56.1149,133.0067,0,0,0,0
225.000000,1.075975,55.8060,132.4509,0,0,0,0
225.100000,1.075975,55.8060,132.4509,0,0,0,0
225.200000,1.073816,55.5358,131.9644,0,0,0,0
225.300000,1.088008,57.3115,135.1608,0,0,0,0
225.400000,1.089859,57.5432,135.5777,0,0,0,0
225.500000,1.074433,55.6130,132.1034,0,0,0,0
225.600000,1.077826,56.0376,132.8677,0,0,0,0
225.700000,1.080295,56.3465,133.4236,0,0,0,0
225.800000,1.081220,56.4623,133.6321,0,0,0,0
225.900000,1.075975,55.8060,132.4509,0,0,0,0
226.000000,1.074124,55.5744,132.0339,0,0,0,0
226.100000,1.072890,55.4200,131.7560,0,0,0,0
226.200000,1.079369,56.2307,133.2152,0,0,0,0
226.300000,1.068879,54.9182,130.8527,0,0,0,0
226.400000,1.072273,55.3428,131.6170,0,0,0,0
226.500000,1.071347,55.2270,131.4086,0,0,0,0
226.600000,1.070422,55.1112,131.2001,0,0,0,0
226.700000,1.071347,55.2270,131.4086,0,0,0,0
226.800000,1.070730,55.1498,131.2696,0,0,0,0
226.900000,1.073199,55.4586,131.8255,0,0,0,0
227.000000,1.075975,55.8060,132.4509,0,0,0,0
227.100000,1.071656,55.2656,131.4781,0,0,0,0
227.200000,1.071964,55.3042,131.5475,0,0,0,0
227.300000,1.075358,55.7288,132.3119,0,0,0,0
227.400000,1.077209,55.9604,132.7288,0,0,0,0
227.500000,1.075667,55.7674,132.3814,0,0,0,0
227.600000,1.076592,55.8832,132.5898,0,0,0,0
227.700000,1.072890,55.4200,131.7560,0,0,0,0
227.800000,1.074741,55.6516,132.1729,0,0,0,0
227.900000,1.075358,55.7288,132.3119,0,0,0,0
228.000000,1.077518,55.9990,132.7983,0,0,0,0
228.100000,1.078752,56.1535,133.0762,0,0,0,0
228.200000,1.078752,56.1535,133.0762,0,0,0,0
228.300000,1.076592,55.8832,132.5898,0,0,0,0
228.400000,1.076284,55.8446,132.5203,0,0,0,0
228.500000,1.082146,56.5781,133.8405,0,0,0,0
228.600000,1.081529,56.5009,133.7016,0,0,0,0
228.700000,1.077209,55.9604,132.7288,0,0,0,0
228.800000,1.073507,55.4972,131.8950,0,0,0,0
228.900000,1.075667,55.7674,132.3814,0,0,0,0
229.000000,1.075975,55.8060,132.4509,0,0,0,0
229.100000,1.075358,55.7288,132.3119,0,0,0,0
229.200000,1.073816,55.5358,131.9644,0,0,0,0
229.300000,1.072273,55.3428,131.6170,0,0,0,0
229.400000,1.078135,56.0762,132.9372,0,0,0,0
229.500000,1.078135,56.0762,132.9372,0,0,0,0
229.600000,1.076592,55.8832,132.5898,0,0,0,0
229.700000,1.075975,55.8060,132.4509,0,0,0,0
229.800000,1.083688,56.7711,134.1880,0,0,0,0
229.900000,1.083380,56.7325,134.1185,0,0,0,0
230.000000,1.079986,56.3079,133.3542,0,0,0,0
230.100000,1.079986,56.3079,133.3542,0,0,0,0
230.200000,1.080603,56.3851,133.4931,0,0,0,0
230.300000,1.080912,56.4237,133.5626,0,0,0,0
230.400000,1.088625,57.3887,135.2997,0,0,0,0
230.500000,1.080295,56.3465,133.4236,0,0,0,0
230.600000,1.080295,56.3465,133.4236,0,0,0,0
230.700000,1.079678,56.2693,133.2847,0,0,0,0
230.800000,1.076592,55.8832,132.5898,0,0,0,0
230.900000,1.080912,56.4237,133.5626,0,0,0,0
231.000000,1.079678,56.2693,133.2847,0,0,0,0
231.100000,1.079986,56.3079,133.3542,0,0,0,0
231.200000,1.079369,56.2307,133.2152,0,0,0,0
231.300000,1.078752,56.1535,133.0762,0,0,0,0
231.400000,1.075050,55.6902,132.2424,0,0,0,0
231.500000,1.076284,55.8446,132.5203,0,0,0,0
231.600000,1.072890,55.4200,131.7560,0,0,0,0
231.700000,1.073199,55.4586,131.8255,0,0,0,0
231.800000,1.076592,55.8832,132.5898,0,0,0,0
231.900000,1.078135,56.0762,132.9372,0,0,0,0
232.000000,1.078752,56.1535,133.0762,0,0,0,0
232.100000,1.078444,56.1149,133.0067,0,0,0,0
232.200000,1.077826,56.0376,132.8677,0,0,0,0
232.300000,1.075975,55.8060,132.4509,0,0,0,0
232.400000,1.076901,55.9218,132.6593,0,0,0,0
232.500000,1.077518,55.9990,132.7983,0,0,0,0
232.600000,1.080912,56.4237,133.5626,0,0,0,0
232.700000,1.079678,56.2693,133.2847,0,0,0,0
232.800000,1.079986,56.3079,133.3542,0,0,0,0
232.900000,1.081220,56.4623,133.6321,0,0,0,0
233.000000,1.085231,56.9641,134.5354,0,0,0,0
233.100000,1.084614,56.8869,134.3964,0,0,0,0
233.200000,1.081837,56.5395,133.7711,0,0,0,0
233.300000,1.084614,56.8869,134.3964,0,0,0,0
233.400000,1.083997,56.8097,134.2575,0,0,0,0
233.500000,1.077209,55.9604,132.7288,0,0,0,0
233.600000,1.075358,55.7288,132.3119,0,0,0,0
233.700000,1.074741,55.6516,132.1729,0,0,0,0
233.800000,1.075050,55.6902,132.2424,0,0,0,0
233.900000,1.077518,55.9990,132.7983,0,0,0,0
234.000000,1.078752,56.1535,133.0762,0,0,0,0
234.100000,1.079678,56.2693,133.2847,0,0,0,0
234.200000,1.078444,56.1149,133.0067,0,0,0,0
234.300000,1.079986,56.3079,133.3542,0,0,0,0
234.400000,1.081529,56.5009,133.7016,0,0,0,0
234.500000,1.082454,56.6167,133.9100,0,0,0,0
234.600000,1.080603,56.3851,133.4931,0,0,0,0
234.700000,1.081529,56.5009,133.7016,0,0,0,0
234.800000,1.081220,56.4623,133.6321,0,0,0,0
234.900000,1.081529,56.5009,133.7016,0,0,0,0
235.000000,1.085540,57.0027,134.6049,0,0,0,0
235.100000,1.086157,57.0799,134.7439,0,0,0,0
235.200000,1.085848,57.0413,134.6744,0,0,0,0
235.300000,1.087699,57.2729,135.0913,0,0,0,0
235.400000,1.083997,56.8097,134.2575,0,0,0,0
235.500000,1.084306,56.8483,134.3270,0,0,0,0
235.600000,1.083380,56.7325,134.1185,0,0,0,0
235.700000,1.083071,56.6939,134.0490,0,0,0,0
235.800000,1.082454,56.6167,133.9100,0,0,0,0
235.900000,1.083071,56.6939,134.0490,0,0,0,0
236.000000,1.087082,57.1957,134.9523,0,0,0,0
236.100000,1.092944,57.9292,136.2725,0,0,0,0
236.200000,1.092944,57.9292,136.2725,0,0,0,0
236.300000,1.097881,58.5468,137.3843,0,0,0,0
236.400000,1.091710,57.7748,135.9946,0,0,0,0
236.500000,1.097264,58.4696,137.2453,0,0,0,0
236.600000,1.096955,58.4310,137.1759,0,0,0,0
236.700000,1.088316,57.3501,135.2303,0,0,0,0
236.800000,1.086774,57.1571,134.8828,0,0,0,0
236.900000,1.086157,57.0799,134.7439,0,0,0,0
237.000000,1.084923,56.9255,134.4659,0,0,0,0
237.100000,1.083997,56.8097,134.2575,0,0,0,0
237.200000,1.082146,56.5781,133.8405,0,0,0,0
237.300000,1.083997,56.8097,134.2575,0,0,0,0
237.400000,1.088008,57.3115,135.1608,0,0,0,0
237.500000,1.079986,56.3079,133.3542,0,0,0,0
237.600000,1.080603,56.3851,133.4931,0,0,0,0
237.700000,1.080603,56.3851,133.4931,0,0,0,0
237.800000,1.091093,57.6976,135.8556,0,0,0,0
237.900000,1.081220,56.4623,133.6321,0,0,0,0
238.000000,1.082763,56.6553,133.9795,0,0,0,0
238.100000,1.083071,56.6939,134.0490,0,0,0,0
238.200000,1.086465,57.1185,134.8134,0,0,0,0
238.300000,1.090476,57.6204,135.7166,0,0,0,0
238.400000,1.091093,57.6976,135.8556,0,0,0,0
238.500000,1.092636,57.8906,136.2030,0,0,0,0
238.600000,1.092944,57.9292,136.2725,0,0,0,0
238.700000,1.094487,58.1222,136.6200,0,0,0,0
238.800000,1.093561,58.0064,136.4115,0,0,0,0
238.900000,1.093561,58.0064,136.4115,0,0,0,0
239.000000,1.095104,58.1994,136.7589,0,0,0,0
239.100000,1.093253,57.9678,136.3420,0,0,0,0
239.200000,1.094795,58.1608,136.6895,0,0,0,0
239.300000,1.094487,58.1222,136.6200,0,0,0,0
239.400000,1.097572,58.5082,137.3148,0,0,0,0
239.500000,1.096030,58.3152,136.9674,0,0,0,0
239.600000,1.095721,58.2766,136.8979,0,0,0,0
239.700000,1.095721,58.2766,136.8979,0,0,0,0
239.800000,1.095412,58.2380,136.8284,0,0,0,0
239.900000,1.095412,58.2380,136.8284,0,0,0,0
240.000000,1.094795,58.1608,136.6895,0,0,0,0
240.100000,1.095412,58.2380,136.8284,0,0,0,0
240.200000,1.096955,58.4310,137.1759,0,0,0,0
240.300000,1.096030,58.3152,136.9674,0,0,0,0
240.400000,1.097572,58.5082,137.3148,0,0,0,0
240.500000,1.095721,58.2766,136.8979,0,0,0,0
240.600000,1.095412,58.2380,136.8284,0,0,0,0
240.700000,1.095721,58.2766,136.8979,0,0,0,0
240.800000,1.094795,58.1608,136.6895,0,0,0,0
240.900000,1.096030,58.3152,136.9674,0,0,0,0
241.000000,1.097264,58.4696,137.2453,0,0,0,0
241.100000,1.096030,58.3152,136.9674,0,0,0,0
241.200000,1.097572,58.5082,137.3148,0,0,0,0
241.300000,1.096955,58.4310,137.1759,0,0,0,0
241.400000,1.097881,58.5468,137.3843,0,0,0,0
241.500000,1.098189,58.5854,137.4538,0,0,0,0
241.600000,1.097264,58.4696,137.2453,0,0,0,0
241.700000,1.095412,58.2380,136.8284,0,0,0,0
241.800000,1.095721,58.2766,136.8979,0,0,0,0
241.900000,1.096338,58.3538,137.0369,0,0,0,0
242.000000,1.096338,58.3538,137.0369,0,0,0,0
242.100000,1.097572,58.5082,137.3148,0,0,0,0
242.200000,1.096955,58.4310,137.1759,0,0,0,0
242.300000,1.095412,58.2380,136.8284,0,0,0,0
242.400000,1.096955,58.4310,137.1759,0,0,0,0
242.500000,1.097572,58.5082,137.3148,0,0,0,0
242.600000,1.098806,58.6626,137.5927,0,0,0,0
242.700000,1.097881,58.5468,137.3843,0,0,0,0
242.800000,1.097881,58.5468,137.3843,0,0,0,0
242.900000,1.097572,58.5082,137.3148,0,0,0,0
243.000000,1.095721,58.2766,136.8979,0,0,0,0
243.100000,1.098498,58.6240,137.5233,0,0,0,0
243.200000,1.098498,58.6240,137.5233,0,0,0,0
243.300000,1.096338,58.3538,137.0369,0,0,0,0
243.400000,1.097264,58.4696,137.2453,0,0,0,0
243.500000,1.097572,58.5082,137.3148,0,0,0,0
243.600000,1.097881,58.5468,137.3843,0,0,0,0
243.700000,1.096647,58.3924,137.1064,0,0,0,0
243.800000,1.158661,66.1516,151.0729,0,0,0,0
243.900000,1.174704,68.1590,154.6862,0,0,0,0
244.000000,1.173161,67.9660,154.3387,0,0,0,0
244.100000,1.173779,68.0432,154.4777,0,0,0,0
244.200000,1.172853,67.9274,154.2692,0,0,0,0
244.300000,1.175013,68.1976,154.7556,0,0,0,0
244.400000,1.174087,68.0818,154.5472,0,0,0,0
244.500000,1.174396,68.1204,154.6167,0,0,0,0
244.600000,1.173161,67.9660,154.3387,0,0,0,0
244.700000,1.175013,68.1976,154.7556,0,0,0,0
244.800000,1.174087,68.0818,154.5472,0,0,0,0
244.900000,1.174704,68.1590,154.6862,0,0,0,0
245.000000,1.174396,68.1204,154.6167,0,0,0,0
245.100000,1.174087,68.0818,154.5472,0,0,0,0
245.200000,1.174396,68.1204,154.6167,0,0,0,0
245.300000,1.173161,67.9660,154.3387,0,0,0,0
245.400000,1.172853,67.9274,154.2692,0,0,0,0
245.500000,1.173161,67.9660,154.3387,0,0,0,0
245.600000,1.173470,68.0046,154.4082,0,0,0,0
245.700000,1.173779,68.0432,154.4777,0,0,0,0
245.800000,1.172544,67.8887,154.1997,0,0,0,0
245.900000,1.173470,68.0046,154.4082,0,0,0,0
246.000000,1.171619,67.7729,153.9913,0,0,0,0
246.100000,1.169151,67.4641,153.4354,0,0,0,0
246.200000,1.172544,67.8887,154.1997,0,0,0,0
246.300000,1.172236,67.8502,154.1303,0,0,0,0
246.400000,1.172236,67.8502,154.1303,0,0,0,0
246.500000,1.172853,67.9274,154.2692,0,0,0,0
246.600000,1.171310,67.7343,153.9218,0,0,0,0
246.700000,1.172853,67.9274,154.2692,0,0,0,0
246.800000,1.172236,67.8502,154.1303,0,0,0,0
246.900000,1.171619,67.7729,153.9913,0,0,0,0
247.000000,1.171927,67.8115,154.0608,0,0,0,0
247.100000,1.172544,67.8887,154.1997,0,0,0,0
247.200000,1.173161,67.9660,154.3387,0,0,0,0
247.300000,1.173161,67.9660,154.3387,0,0,0,0
247.400000,1.172236,67.8502,154.1303,0,0,0,0
247.500000,1.172544,67.8887,154.1997,0,0,0,0
247.600000,1.171310,67.7343,153.9218,0,0,0,0
247.700000,1.173470,68.0046,154.4082,0,0,0,0
247.800000,1.171619,67.7729,153.9913,0,0,0,0
247.900000,1.173161,67.9660,154.3387,0,0,0,0
248.000000,1.170693,67.6571,153.7828,0,0,0,0
248.100000,1.171927,67.8115,154.0608,0,0,0,0
248.200000,1.171002,67.6957,153.8523,0,0,0,0
248.300000,1.171619,67.7729,153.9913,0,0,0,0
248.400000,1.170385,67.6185,153.7133,0,0,0,0
248.500000,1.169151,67.4641,153.4354,0,0,0,0
248.600000,1.171619,67.7729,153.9913,0,0,0,0
248.700000,1.172236,67.8502,154.1303,0,0,0,0
248.800000,1.170693,67.6571,153.7828,0,0,0,0
248.900000,1.171619,67.7729,153.9913,0,0,0,0
249.000000,1.171002,67.6957,153.8523,0,0,0,0
249.100000,1.170385,67.6185,153.7133,0,0,0,0
249.200000,1.170693,67.6571,153.7828,0,0,0,0
249.300000,1.170076,67.5799,153.6439,0,0,0,0
249.400000,1.170693,67.6571,153.7828,0,0,0,0
249.500000,1.171619,67.7729,153.9913,0,0,0,0
249.600000,1.171310,67.7343,153.9218,0,0,0,0
249.700000,1.170385,67.6185,153.7133,0,0,0,0
249.800000,1.171310,67.7343,153.9218,0,0,0,0
249.900000,1.169151,67.4641,153.4354,0,0,0,0
250.000000,1.169151,67.4641,153.4354,0,0,0,0
250.100000,1.170693,67.6571,153.7828,0,0,0,0
250.200000,1.170076,67.5799,153.6439,0,0,0,0
250.300000,1.170693,67.6571,153.7828,0,0,0,0
250.400000,1.168842,67.4255,153.3659,0,0,0,0
250.500000,1.168842,67.4255,153.3659,0,0,0,0
250.600000,1.170385,67.6185,153.7133,0,0,0,0
250.700000,1.171002,67.6957,153.8523,0,0,0,0
250.800000,1.169768,67.5413,153.5744,0,0,0,0
250.900000,1.170693,67.6571,153.7828,0,0,0,0
251.000000,1.169768,67.5413,153.5744,0,0,0,0
251.100000,1.169768,67.5413,153.5744,0,0,0,0
251.200000,1.169459,67.5027,153.5049,0,0,0,0
251.300000,1.168225,67.3483,153.2270,0,0,0,0
251.400000,1.167916,67.3097,153.1575,0,0,0,0
251.500000,1.167916,67.3097,153.1575,0,0,0,0
251.600000,1.167608,67.2711,153.0880,0,0,0,0
251.700000,1.166991,67.1939,152.9490,0,0,0,0
251.800000,1.166991,67.1939,152.9490,0,0,0,0
251.900000,1.166991,67.1939,152.9490,0,0,0,0
252.000000,1.167916,67.3097,153.1575,0,0,0,0
252.100000,1.167299,67.2325,153.0185,0,0,0,0
252.200000,1.166991,67.1939,152.9490,0,0,0,0
252.300000,1.166374,67.1167,152.8101,0,0,0,0
252.400000,1.164523,66.8851,152.3931,0,0,0,0
252.500000,1.165757,67.0395,152.6711,0,0,0,0
252.600000,1.161437,66.4990,151.6983,0,0,0,0
252.700000,1.162980,66.6921,152.0457,0,0,0,0
252.800000,1.162671,66.6535,151.9762,0,0,0,0
252.900000,1.161746,66.5377,151.7678,0,0,0,0
253.000000,1.162054,66.5762,151.8372,0,0,0,0
253.100000,1.162363,66.6149,151.9067,0,0,0,0
253.200000,1.162671,66.6535,151.9762,0,0,0,0
253.300000,1.162671,66.6535,151.9762,0,0,0,0
253.400000,1.161129,66.4604,151.6288,0,0,0,0
253.500000,1.160512,66.3832,151.4898,0,0,0,0
253.600000,1.161437,66.4990,151.6983,0,0,0,0
253.700000,1.162363,66.6149,151.9067,0,0,0,0
253.800000,1.162980,66.6921,152.0457,0,0,0,0
253.900000,1.163289,66.7307,152.1152,0,0,0,0
254.000000,1.162054,66.5762,151.8372,0,0,0,0
254.100000,1.160512,66.3832,151.4898,0,0,0,0
254.200000,1.162054,66.5762,151.8372,0,0,0,0
254.300000,1.162054,66.5762,151.8372,0,0,0,0
254.400000,1.162363,66.6149,151.9067,0,0,0,0
254.500000,1.160820,66.4218,151.5593,0,0,0,0
254.600000,1.161437,66.4990,151.6983,0,0,0,0
254.700000,1.161437,66.4990,151.6983,0,0,0,0
254.800000,1.161129,66.4604,151.6288,0,0,0,0
254.900000,1.159586,66.2674,151.2814,0,0,0,0
255.000000,1.160820,66.4218,151.5593,0,0,0,0
255.100000,1.160203,66.3446,151.4203,0,0,0,0
255.200000,1.161437,66.4990,151.6983,0,0,0,0
255.300000,1.161129,66.4604,151.6288,0,0,0,0
255.400000,1.160820,66.4218,151.5593,0,0,0,0
255.500000,1.160512,66.3832,151.4898,0,0,0,0
255.600000,1.160512,66.3832,151.4898,0,0,0,0
255.700000,1.160512,66.3832,151.4898,0,0,0,0
255.800000,1.159895,66.3060,151.3508,0,0,0,0
255.900000,1.159895,66.3060,151.3508,0,0,0,0
256.000000,1.161129,66.4604,151.6288,0,0,0,0
256.100000,1.158969,66.1902,151.1424,0,0,0,0
256.200000,1.160512,66.3832,151.4898,0,0,0,0
256.300000,1.159895,66.3060,151.3508,0,0,0,0
256.400000,1.160203,66.3446,151.4203,0,0,0,0
256.500000,1.159895,66.3060,151.3508,0,0,0,0
256.600000,1.158661,66.1516,151.0729,0,0,0,0
256.700000,1.160820,66.4218,151.5593,0,0,0,0
256.800000,1.159895,66.3060,151.3508,0,0,0,0
256.900000,1.158661,66.1516,151.0729,0,0,0,0
257.000000,1.160203,66.3446,151.4203,0,0,0,0
257.100000,1.158969,66.1902,151.1424,0,0,0,0
257.200000,1.159586,66.2674,151.2814,0,0,0,0
257.300000,1.159586,66.2674,151.2814,0,0,0,0
257.400000,1.160203,66.3446,151.4203,0,0,0,0
257.500000,1.160203,66.3446,151.4203,0,0,0,0
257.600000,1.159586,66.2674,151.2814,0,0,0,0
257.700000,1.160512,66.3832,151.4898,0,0,0,0
257.800000,1.158044,66.0744,150.9339,0,0,0,0
257.900000,1.160512,66.3832,151.4898,0,0,0,0
258.000000,1.158969,66.1902,151.1424,0,0,0,0
258.100000,1.159278,66.2288,151.2119,0,0,0,0
258.200000,1.158661,66.1516,151.0729,0,0,0,0
258.300000,1.159895,66.3060,151.3508,0,0,0,0
258.400000,1.159278,66.2288,151.2119,0,0,0,0
258.500000,1.160203,66.3446,151.4203,0,0,0,0
258.600000,1.158661,66.1516,151.0729,0,0,0,0
258.700000,1.159895,66.3060,151.3508,0,0,0,0
258.800000,1.159586,66.2674,151.2814,0,0,0,0
258.900000,1.159895,66.3060,151.3508,0,0,0,0
259.000000,1.160512,66.3832,151.4898,0,0,0,0
259.100000,1.159895,66.3060,151.3508,0,0,0,0
259.200000,1.159278,66.2288,151.2119,0,0,0,0
259.300000,1.158044,66.0744,150.9339,0,0,0,0
259.400000,1.160203,66.3446,151.4203,0,0,0,0
259.500000,1.158661,66.1516,151.0729,0,0,0,0
259.600000,1.159278,66.2288,151.2119,0,0,0,0
259.700000,1.158969,66.1902,151.1424,0,0,0,0
259.800000,1.158969,66.1902,151.1424,0,0,0,0
259.900000,1.159586,66.2674,151.2814,0,0,0,0
260.000000,1.158969,66.1902,151.1424,0,0,0,0
260.100000,1.158352,66.1130,151.0034,0,0,0,0
260.200000,1.157426,65.9972,150.7950,0,0,0,0
260.300000,1.157426,65.9972,150.7950,0,0,0,0
260.400000,1.158044,66.0744,150.9339,0,0,0,0
260.500000,1.157426,65.9972,150.7950,0,0,0,0
260.600000,1.158661,66.1516,151.0729,0,0,0,0
260.700000,1.156192,65.8428,150.5170,0,0,0,0
260.800000,1.157735,66.0358,150.8645,0,0,0,0
260.900000,1.158044,66.0744,150.9339,0,0,0,0
261.000000,1.156809,65.9200,150.6560,0,0,0,0
261.100000,1.157735,66.0358,150.8645,0,0,0,0
261.200000,1.158044,66.0744,150.9339,0,0,0,0
261.300000,1.157426,65.9972,150.7950,0,0,0,0
261.400000,1.158044,66.0744,150.9339,0,0,0,0
261.500000,1.157426,65.9972,150.7950,0,0,0,0
261.600000,1.158044,66.0744,150.9339,0,0,0,0
261.700000,1.158352,66.1130,151.0034,0,0,0,0
261.800000,1.157118,65.9586,150.7255,0,0,0,0
261.900000,1.157426,65.9972,150.7950,0,0,0,0
262.000000,1.158044,66.0744,150.9339,0,0,0,0
262.100000,1.157735,66.0358,150.8645,0,0,0,0
262.200000,1.158969,66.1902,151.1424,0,0,0,0
262.300000,1.157426,65.9972,150.7950,0,0,0,0
262.400000,1.157426,65.9972,150.7950,0,0,0,0
262.500000,1.157118,65.9586,150.7255,0,0,0,0
262.600000,1.157426,65.9972,150.7950,0,0,0,0
262.700000,1.158352,66.1130,151.0034,0,0,0,0
262.800000,1.156192,65.8428,150.5170,0,0,0,0
262.900000,1.158044,66.0744,150.9339,0,0,0,0
263.000000,1.157735,66.0358,150.8645,0,0,0,0
263.100000,1.157118,65.9586,150.7255,0,0,0,0
263.200000,1.158044,66.0744,150.9339,0,0,0,0
263.300000,1.157735,66.0358,150.8645,0,0,0,0
263.400000,1.157735,66.0358,150.8645,0,0,0,0
263.500000,1.156501,65.8814,150.5865,0,0,0,0
263.600000,1.156501,65.8814,150.5865,0,0,0,0
263.700000,1.157118,65.9586,150.7255,0,0,0,0
263.800000,1.156501,65.8814,150.5865,0,0,0,0
263.900000,1.156192,65.8428,150.5170,0,0,0,0
264.000000,1.156809,65.9200,150.6560,0,0,0,0
264.100000,1.157426,65.9972,150.7950,0,0,0,0
264.200000,1.156192,65.8428,150.5170,0,0,0,0
264.300000,1.155267,65.7270,150.3086,0,0,0,0
264.400000,1.157426,65.9972,150.7950,0,0,0,0
264.500000,1.157118,65.9586,150.7255,0,0,0,0
264.600000,1.156809,65.9200,150.6560,0,0,0,0
264.700000,1.157118,65.9586,150.7255,0,0,0,0
264.800000,1.157426,65.9972,150.7950,0,0,0,0
264.900000,1.157118,65.9586,150.7255,0,0,0,0
265.000000,1.155267,65.7270,150.3086,0,0,0,0
265.100000,1.155884,65.8042,150.4475,0,0,0,0
265.200000,1.156501,65.8814,150.5865,0,0,0,0
265.300000,1.157426,65.9972,150.7950,0,0,0,0
265.400000,1.154650,65.6498,150.1696,0,0,0,0
265.500000,1.156192,65.8428,150.5170,0,0,0,0
265.600000,1.156192,65.8428,150.5170,0,0,0,0
265.700000,1.156192,65.8428,150.5170,0,0,0,0
265.800000,1.155575,65.7656,150.3781,0,0,0,0
265.900000,1.155884,65.8042,150.4475,0,0,0,0
266.000000,1.156809,65.9200,150.6560,0,0,0,0
266.100000,1.155575,65.7656,150.3781,0,0,0,0
266.200000,1.154958,65.6884,150.2391,0,0,0,0
266.300000,1.154033,65.5726,150.0306,0,0,0,0
266.400000,1.155267,65.7270,150.3086,0,0,0,0
266.500000,1.154341,65.6112,150.1001,0,0,0,0
266.600000,1.152490,65.3796,149.6832,0,0,0,0
266.700000,1.154958,65.6884,150.2391,0,0,0,0
266.800000,1.154033,65.5726,150.0306,0,0,0,0
266.900000,1.153724,65.5340,149.9612,0,0,0,0
267.000000,1.153724,65.5340,149.9612,0,0,0,0
267.100000,1.154650,65.6498,150.1696,0,0,0,0
267.200000,1.153724,65.5340,149.9612,0,0,0,0
267.300000,1.153416,65.4954,149.8917,0,0,0,0
267.400000,1.154341,65.6112,150.1001,0,0,0,0
267.500000,1.153724,65.5340,149.9612,0,0,0,0
267.600000,1.154650,65.6498,150.1696,0,0,0,0
267.700000,1.153724,65.5340,149.9612,0,0,0,0
267.800000,1.153107,65.4568,149.8222,0,0,0,0
267.900000,1.154650,65.6498,150.1696,0,0,0,0
268.000000,1.154033,65.5726,150.0306,0,0,0,0
268.100000,1.152182,65.3410,149.6137,0,0,0,0
268.200000,1.154341,65.6112,150.1001,0,0,0,0
268.300000,1.151564,65.2637,149.4747,0,0,0,0
268.400000,1.154033,65.5726,150.0306,0,0,0,0
268.500000,1.154650,65.6498,150.1696,0,0,0,0
268.600000,1.153724,65.5340,149.9612,0,0,0,0
268.700000,1.153724,65.5340,149.9612,0,0,0,0
268.800000,1.155267,65.7270,150.3086,0,0,0,0
268.900000,1.153107,65.4568,149.8222,0,0,0,0
269.000000,1.154033,65.5726,150.0306,0,0,0,0
269.100000,1.153107,65.4568,149.8222,0,0,0,0
269.200000,1.153107,65.4568,149.8222,0,0,0,0
269.300000,1.152799,65.4182,149.7527,0,0,0,0
269.400000,1.152799,65.4182,149.7527,0,0,0,0
269.500000,1.152182,65.3410,149.6137,0,0,0,0
269.600000,1.152490,65.3796,149.6832,0,0,0,0
269.700000,1.153416,65.4954,149.8917,0,0,0,0
269.800000,1.153416,65.4954,149.8917,0,0,0,0
269.900000,1.153724,65.5340,149.9612,0,0,0,0
270.000000,1.152799,65.4182,149.7527,0,0,0,0
270.100000,1.151256,65.2251,149.4053,0,0,0,0
270.200000,1.154033,65.5726,150.0306,0,0,0,0
270.300000,1.153724,65.5340,149.9612,0,0,0,0
270.400000,1.152799,65.4182,149.7527,0,0,0,0
270.500000,1.152799,65.4182,149.7527,0,0,0,0
270.600000,1.152182,65.3410,149.6137,0,0,0,0
270.700000,1.151564,65.2637,149.4747,0,0,0,0
270.800000,1.151564,65.2637,149.4747,0,0,0,0
270.900000,1.152182,65.3410,149.6137,0,0,0,0
271.000000,1.150639,65.1479,149.2663,0,0,0,0
271.100000,1.151256,65.2251,149.4053,0,0,0,0
271.200000,1.150330,65.1093,149.1968,0,0,0,0
271.300000,1.148788,64.9163,148.8494,0,0,0,0
271.400000,1.149713,65.0321,149.0578,0,0,0,0
271.500000,1.149713,65.0321,149.0578,0,0,0,0
271.600000,1.150022,65.0707,149.1273,0,0,0,0
271.700000,1.149405,64.9935,148.9883,0,0,0,0
271.800000,1.148788,64.9163,148.8494,0,0,0,0
271.900000,1.150022,65.0707,149.1273,0,0,0,0
272.000000,1.149405,64.9935,148.9883,0,0,0,0
272.100000,1.150947,65.1865,149.3358,0,0,0,0
272.200000,1.150639,65.1479,149.2663,0,0,0,0
272.300000,1.149713,65.0321,149.0578,0,0,0,0
272.400000,1.149405,64.9935,148.9883,0,0,0,0
272.500000,1.149713,65.0321,149.0578,0,0,0,0
272.600000,1.148788,64.9163,148.8494,0,0,0,0
272.700000,1.149096,64.9549,148.9189,0,0,0,0
272.800000,1.149096,64.9549,148.9189,0,0,0,0
272.900000,1.150639,65.1479,149.2663,0,0,0,0
273.000000,1.150022,65.0707,149.1273,0,0,0,0
273.100000,1.150022,65.0707,149.1273,0,0,0,0
273.200000,1.149405,64.9935,148.9883,0,0,0,0
273.300000,1.148479,64.8777,148.7799,0,0,0,0
273.400000,1.149405,64.9935,148.9883,0,0,0,0
273.500000,1.149713,65.0321,149.0578,0,0,0,0
273.600000,1.149405,64.9935,148.9883,0,0,0,0
273.700000,1.148788,64.9163,148.8494,0,0,0,0
273.800000,1.148788,64.9163,148.8494,0,0,0,0
273.900000,1.147554,64.7619,148.5714,0,0,0,0
274.000000,1.148788,64.9163,148.8494,0,0,0,0
274.100000,1.149096,64.9549,148.9189,0,0,0,0
274.200000,1.149405,64.9935,148.9883,0,0,0,0
274.300000,1.148479,64.8777,148.7799,0,0,0,0
274.400000,1.148171,64.8391,148.7104,0,0,0,0
274.500000,1.147245,64.7233,148.5020,0,0,0,0
274.600000,1.148788,64.9163,148.8494,0,0,0,0
274.700000,1.149405,64.9935,148.9883,0,0,0,0
274.800000,1.150022,65.0707,149.1273,0,0,0,0
274.900000,1.149713,65.0321,149.0578,0,0,0,0
275.000000,1.147862,64.8005,148.6409,0,0,0,0
275.100000,1.147245,64.7233,148.5020,0,0,0,0
275.200000,1.149405,64.9935,148.9883,0,0,0,0
275.300000,1.150330,65.1093,149.1968,0,0,0,0
275.400000,1.149713,65.0321,149.0578,0,0,0,0
275.500000,1.150022,65.0707,149.1273,0,0,0,0
275.600000,1.148479,64.8777,148.7799,0,0,0,0
275.700000,1.148171,64.8391,148.7104,0,0,0,0
275.800000,1.148479,64.8777,148.7799,0,0,0,0
275.900000,1.150330,65.1093,149.1968,0,0,0,0
276.000000,1.150330,65.1093,149.1968,0,0,0,0
276.100000,1.149405,64.9935,148.9883,0,0,0,0
276.200000,1.149405,64.9935,148.9883,0,0,0,0
276.300000,1.147862,64.8005,148.6409,0,0,0,0
276.400000,1.149405,64.9935,148.9883,0,0,0,0
276.500000,1.149096,64.9549,148.9189,0,0,0,0
276.600000,1.149405,64.9935,148.9883,0,0,0,0
276.700000,1.148788,64.9163,148.8494,0,0,0,0
276.800000,1.148171,64.8391,148.7104,0,0,0,0
276.900000,1.148479,64.8777,148.7799,0,0,0,0
277.000000,1.150330,65.1093,149.1968,0,0,0,0
277.100000,1.150330,65.1093,149.1968,0,0,0,0
277.200000,1.148479,64.8777,148.7799,0,0,0,0
277.300000,1.148788,64.9163,148.8494,0,0,0,0
277.400000,1.147245,64.7233,148.5020,0,0,0,0
277.500000,1.149096,64.9549,148.9189,0,0,0,0
277.600000,1.148171,64.8391,148.7104,0,0,0,0
277.700000,1.148788,64.9163,148.8494,0,0,0,0
277.800000,1.148479,64.8777,148.7799,0,0,0,0
277.900000,1.149405,64.9935,148.9883,0,0,0,0
278.000000,1.146320,64.6075,148.2935,0,0,0,0
278.100000,1.148479,64.8777,148.7799,0,0,0,0
278.200000,1.149405,64.9935,148.9883,0,0,0,0
278.300000,1.149713,65.0321,149.0578,0,0,0,0
278.400000,1.149405,64.9935,148.9883,0,0,0,0
278.500000,1.148171,64.8391,148.7104,0,0,0,0
278.600000,1.149096,64.9549,148.9189,0,0,0,0
278.700000,1.149096,64.9549,148.9189,0,0,0,0
278.800000,1.148171,64.8391,148.7104,0,0,0,0
278.900000,1.148479,64.8777,148.7799,0,0,0,0
279.000000,1.147245,64.7233,148.5020,0,0,0,0
279.100000,1.148171,64.8391,148.7104,0,0,0,0
279.200000,1.149096,64.9549,148.9189,0,0,0,0
279.300000,1.148171,64.8391,148.7104,0,0,0,0
279.400000,1.147245,64.7233,148.5020,0,0,0,0
279.500000,1.147245,64.7233,148.5020,0,0,0,0
279.600000,1.147862,64.8005,148.6409,0,0,0,0
279.700000,1.149713,65.0321,149.0578,0,0,0,0
279.800000,1.150330,65.1093,149.1968,0,0,0,0
279.900000,1.149713,65.0321,149.0578,0,0,0,0
280.000000,1.147862,64.8005,148.6409,0,0,0,0
280.100000,1.146320,64.6075,148.2935,0,0,0,0
280.200000,1.147554,64.7619,148.5714,0,0,0,0
280.300000,1.148788,64.9163,148.8494,0,0,0,0
280.400000,1.148788,64.9163,148.8494,0,0,0,0
280.500000,1.149713,65.0321,149.0578,0,0,0,0
280.600000,1.147862,64.8005,148.6409,0,0,0,0
280.700000,1.149096,64.9549,148.9189,0,0,0,0
280.800000,1.150022,65.0707,149.1273,0,0,0,0
280.900000,1.149405,64.9935,148.9883,0,0,0,0
281.000000,1.147554,64.7619,148.5714,0,0,0,0
281.100000,1.149096,64.9549,148.9189,0,0,0,0
281.200000,1.149405,64.9935,148.9883,0,0,0,0
281.300000,1.150022,65.0707,149.1273,0,0,0,0
281.400000,1.147862,64.8005,148.6409,0,0,0,0
281.500000,1.146937,64.6847,148.4325,0,0,0,0
281.600000,1.148171,64.8391,148.7104,0,0,0,0
281.700000,1.148479,64.8777,148.7799,0,0,0,0
281.800000,1.147862,64.8005,148.6409,0,0,0,0
281.900000,1.146628,64.6461,148.3630,0,0,0,0
282.000000,1.148479,64.8777,148.7799,0,0,0,0
282.100000,1.150022,65.0707,149.1273,0,0,0,0
282.200000,1.148788,64.9163,148.8494,0,0,0,0
282.300000,1.147862,64.8005,148.6409,0,0,0,0
282.400000,1.147554,64.7619,148.5714,0,0,0,0
282.500000,1.148788,64.9163,148.8494,0,0,0,0
282.600000,1.147554,64.7619,148.5714,0,0,0,0
282.700000,1.146320,64.6075,148.2935,0,0,0,0
282.800000,1.148171,64.8391,148.7104,0,0,0,0
282.900000,1.147554,64.7619,148.5714,0,0,0,0
283.000000,1.146937,64.6847,148.4325,0,0,0,0
283.100000,1.146628,64.6461,148.3630,0,0,0,0
283.200000,1.147862,64.8005,148.6409,0,0,0,0
283.300000,1.148171,64.8391,148.7104,0,0,0,0
283.400000,1.147245,64.7233,148.5020,0,0,0,0
283.500000,1.147554,64.7619,148.5714,0,0,0,0
283.600000,1.148171,64.8391,148.7104,0,0,0,0
283.700000,1.147862,64.8005,148.6409,0,0,0,0
283.800000,1.148788,64.9163,148.8494,0,0,0,0
283.900000,1.148171,64.8391,148.7104,0,0,0,0
284.000000,1.148788,64.9163,148.8494,0,0,0,0
284.100000,1.148479,64.8777,148.7799,0,0,0,0
284.200000,1.148788,64.9163,148.8494,0,0,0,0
284.300000,1.147862,64.8005,148.6409,0,0,0,0
284.400000,1.146320,64.6075,148.2935,0,0,0,0
284.500000,1.147862,64.8005,148.6409,0,0,0,0
284.600000,1.149405,64.9935,148.9883,0,0,0,0
284.700000,1.145702,64.5303,148.1545,0,0,0,0
284.800000,1.147245,64.7233,148.5020,0,0,0,0
284.900000,1.145702,64.5303,148.1545,0,0,0,0
285.000000,1.145394,64.4917,148.0851,0,0,0,0
285.100000,1.144777,64.4145,147.9461,0,0,0,0
285.200000,1.144468,64.3759,147.8766,0,0,0,0
285.300000,1.145085,64.4531,148.0156,0,0,0,0
285.400000,1.145394,64.4917,148.0851,0,0,0,0
285.500000,1.143851,64.2987,147.7376,0,0,0,0
285.600000,1.145085,64.4531,148.0156,0,0,0,0
285.700000,1.145085,64.4531,148.0156,0,0,0,0
285.800000,1.143234,64.2215,147.5986,0,0,0,0
285.900000,1.145394,64.4917,148.0851,0,0,0,0
286.000000,1.144468,64.3759,147.8766,0,0,0,0
286.100000,1.145394,64.4917,148.0851,0,0,0,0
286.200000,1.145702,64.5303,148.1545,0,0,0,0
286.300000,1.143543,64.2601,147.6681,0,0,0,0
286.400000,1.145394,64.4917,148.0851,0,0,0,0
286.500000,1.145085,64.4531,148.0156,0,0,0,0
286.600000,1.145085,64.4531,148.0156,0,0,0,0
286.700000,1.146320,64.6075,148.2935,0,0,0,0
286.800000,1.143851,64.2987,147.7376,0,0,0,0
286.900000,1.145394,64.4917,148.0851,0,0,0,0
287.000000,1.146011,64.5689,148.2240,0,0,0,0
287.100000,1.145702,64.5303,148.1545,0,0,0,0
287.200000,1.147554,64.7619,148.5714,0,0,0,0
287.300000,1.144777,64.4145,147.9461,0,0,0,0
287.400000,1.145702,64.5303,148.1545,0,0,0,0
287.500000,1.145394,64.4917,148.0851,0,0,0,0
287.600000,1.145702,64.5303,148.1545,0,0,0,0
287.700000,1.145085,64.4531,148.0156,0,0,0,0
287.800000,1.143234,64.2215,147.5986,0,0,0,0
287.900000,1.145394,64.4917,148.0851,0,0,0,0
288.000000,1.143234,64.2215,147.5986,0,0,0,0
288.100000,1.144468,64.3759,147.8766,0,0,0,0
288.200000,1.144468,64.3759,147.8766,0,0,0,0
288.300000,1.145085,64.4531,148.0156,0,0,0,0
288.400000,1.145085,64.4531,148.0156,0,0,0,0
288.500000,1.145702,64.5303,148.1545,0,0,0,0
288.600000,1.143851,64.2987,147.7376,0,0,0,0
288.700000,1.143543,64.2601,147.6681,0,0,0,0
288.800000,1.144777,64.4145,147.9461,0,0,0,0
288.900000,1.143851,64.2987,147.7376,0,0,0,0
289.000000,1.145394,64.4917,148.0851,0,0,0,0
289.100000,1.145085,64.4531,148.0156,0,0,0,0
289.200000,1.145085,64.4531,148.0156,0,0,0,0
289.300000,1.144777,64.4145,147.9461,0,0,0,0
289.400000,1.146320,64.6075,148.2935,0,0,0,0
289.500000,1.145702,64.5303,148.1545,0,0,0,0
289.600000,1.146011,64.5689,148.2240,0,0,0,0
289.700000,1.145702,64.5303,148.1545,0,0,0,0
289.800000,1.146011,64.5689,148.2240,0,0,0,0
289.900000,1.145702,64.5303,148.1545,0,0,0,0
290.000000,1.145394,64.4917,148.0851,0,0,0,0
290.100000,1.147245,64.7233,148.5020,0,0,0,0
290.200000,1.145394,64.4917,148.0851,0,0,0,0
290.300000,1.144468,64.3759,147.8766,0,0,0,0
290.400000,1.145085,64.4531,148.0156,0,0,0,0
290.500000,1.145702,64.5303,148.1545,0,0,0,0
290.600000,1.141383,63.9898,147.1817,0,0,0,0
290.700000,1.144777,64.4145,147.9461,0,0,0,0
290.800000,1.143851,64.2987,147.7376,0,0,0,0
290.900000,1.145394,64.4917,148.0851,0,0,0,0
291.000000,1.145394,64.4917,148.0851,0,0,0,0
291.100000,1.145085,64.4531,148.0156,0,0,0,0
291.200000,1.145085,64.4531,148.0156,0,0,0,0
291.300000,1.145702,64.5303,148.1545,0,0,0,0
291.400000,1.143851,64.2987,147.7376,0,0,0,0
291.500000,1.144777,64.4145,147.9461,0,0,0,0
291.600000,1.145085,64.4531,148.0156,0,0,0,0
291.700000,1.145394,64.4917,148.0851,0,0,0,0
291.800000,1.145394,64.4917,148.0851,0,0,0,0
291.900000,1.145085,64.4531,148.0156,0,0,0,0
292.000000,1.145702,64.5303,148.1545,0,0,0,0
292.100000,1.145085,64.4531,148.0156,0,0,0,0
292.200000,1.145085,64.4531,148.0156,0,0,0,0
292.300000,1.144777,64.4145,147.9461,0,0,0,0
292.400000,1.145394,64.4917,148.0851,0,0,0,0
292.500000,1.144160,64.3373,147.8071,0,0,0,0
292.600000,1.144468,64.3759,147.8766,0,0,0,0
292.700000,1.142926,64.1829,147.5292,0,0,0,0
292.800000,1.144468,64.3759,147.8766,0,0,0,0
292.900000,1.143543,64.2601,147.6681,0,0,0,0
293.000000,1.143234,64.2215,147.5986,0,0,0,0
293.100000,1.142926,64.1829,147.5292,0,0,0,0
293.200000,1.142000,64.0671,147.3207,0,0,0,0
293.300000,1.142000,64.0671,147.3207,0,0,0,0
293.400000,1.139840,63.7968,146.8343,0,0,0,0
293.500000,1.140766,63.9126,147.0428,0,0,0,0
293.600000,1.140458,63.8740,146.9733,0,0,0,0
293.700000,1.138298,63.6038,146.4869,0,0,0,0
293.800000,1.140149,63.8354,146.9038,0,0,0,0
293.900000,1.138298,63.6038,146.4869,0,0,0,0
294.000000,1.139532,63.7582,146.7648,0,0,0,0
294.100000,1.139223,63.7196,146.6953,0,0,0,0
294.200000,1.138915,63.6810,146.6258,0,0,0,0
294.300000,1.139223,63.7196,146.6953,0,0,0,0
294.400000,1.137064,63.4494,146.2090,0,0,0,0
294.500000,1.137989,63.5652,146.4174,0,0,0,0
294.600000,1.137989,63.5652,146.4174,0,0,0,0
294.700000,1.136755,63.4108,146.1395,0,0,0,0
294.800000,1.138298,63.6038,146.4869,0,0,0,0
294.900000,1.135830,63.2950,145.9310,0,0,0,0
295.000000,1.136447,63.3722,146.0700,0,0,0,0
295.100000,1.137064,63.4494,146.2090,0,0,0,0
295.200000,1.135521,63.2564,145.8615,0,0,0,0
295.300000,1.137681,63.5266,146.3479,0,0,0,0
295.400000,1.136755,63.4108,146.1395,0,0,0,0
295.500000,1.134904,63.1792,145.7225,0,0,0,0
295.600000,1.138298,63.6038,146.4869,0,0,0,0
295.700000,1.138298,63.6038,146.4869,0,0,0,0
295.800000,1.136755,63.4108,146.1395,0,0,0,0
295.900000,1.137681,63.5266,146.3479,0,0,0,0
296.000000,1.138915,63.6810,146.6258,0,0,0,0
296.100000,1.136138,63.3336,146.0005,0,0,0,0
296.200000,1.137681,63.5266,146.3479,0,0,0,0
296.300000,1.138298,63.6038,146.4869,0,0,0,0
296.400000,1.136755,63.4108,146.1395,0,0,0,0
296.500000,1.137372,63.4880,146.2784,0,0,0,0
296.600000,1.137372,63.4880,146.2784,0,0,0,0
296.700000,1.136755,63.4108,146.1395,0,0,0,0
296.800000,1.136755,63.4108,146.1395,0,0,0,0
296.900000,1.138298,63.6038,146.4869,0,0,0,0
297.000000,1.137372,63.4880,146.2784,0,0,0,0
297.100000,1.138606,63.6424,146.5564,0,0,0,0
297.200000,1.137989,63.5652,146.4174,0,0,0,0
297.300000,1.137989,63.5652,146.4174,0,0,0,0
297.400000,1.136755,63.4108,146.1395,0,0,0,0
297.500000,1.138298,63.6038,146.4869,0,0,0,0
297.600000,1.137681,63.5266,146.3479,0,0,0,0
297.700000,1.137372,63.4880,146.2784,0,0,0,0
297.800000,1.137989,63.5652,146.4174,0,0,0,0
297.900000,1.138298,63.6038,146.4869,0,0,0,0
298.000000,1.136447,63.3722,146.0700,0,0,0,0
298.100000,1.137372,63.4880,146.2784,0,0,0,0
298.200000,1.139223,63.7196,146.6953,0,0,0,0
298.300000,1.138606,63.6424,146.5564,0,0,0,0
298.400000,1.135521,63.2564,145.8615,0,0,0,0
298.500000,1.137064,63.4494,146.2090,0,0,0,0
298.600000,1.135521,63.2564,145.8615,0,0,0,0
298.700000,1.134287,63.1020,145.5836,0,0,0,0
298.800000,1.134596,63.1406,145.6531,0,0,0,0
298.900000,1.135830,63.2950,145.9310,0,0,0,0
299.000000,1.135521,63.2564,145.8615,0,0,0,0
299.100000,1.134287,63.1020,145.5836,0,0,0,0
299.200000,1.136138,63.3336,146.0005,0,0,0,0
299.300000,1.136447,63.3722,146.0700,0,0,0,0
299.400000,1.134596,63.1406,145.6531,0,0,0,0
299.500000,1.134596,63.1406,145.6531,0,0,0,0
299.600000,1.135213,63.2178,145.7920,0,0,0,0
299.700000,1.136447,63.3722,146.0700,0,0,0,0
299.800000,1.136447,63.3722,146.0700,0,0,0,0
299.900000,1.137681,63.5266,146.3479,0,0,0,0
300.000000,1.135521,63.2564,145.8615,0,0,0,0
300.100000,1.136447,63.3722,146.0700,0,0,0,0
300.200000,1.137064,63.4494,146.2090,0,0,0,0
300.300000,1.137372,63.4880,146.2784,0,0,0,0
300.400000,1.136138,63.3336,146.0005,0,0,0,0
300.500000,1.137681,63.5266,146.3479,0,0,0,0
300.600000,1.138298,63.6038,146.4869,0,0,0,0
300.700000,1.137989,63.5652,146.4174,0,0,0,0
300.800000,1.138298,63.6038,146.4869,0,0,0,0
300.900000,1.135830,63.2950,145.9310,0,0,0,0
301.000000,1.136447,63.3722,146.0700,0,0,0,0
301.100000,1.137064,63.4494,146.2090,0,0,0,0
301.200000,1.137681,63.5266,146.3479,0,0,0,0
301.300000,1.137372,63.4880,146.2784,0,0,0,0
301.400000,1.134596,63.1406,145.6531,0,0,0,0
301.500000,1.136138,63.3336,146.0005,0,0,0,0
301.600000,1.137064,63.4494,146.2090,0,0,0,0
301.700000,1.137064,63.4494,146.2090,0,0,0,0
301.800000,1.137064,63.4494,146.2090,0,0,0,0
301.900000,1.135213,63.2178,145.7920,0,0,0,0
302.000000,1.135830,63.2950,145.9310,0,0,0,0
302.100000,1.136447,63.3722,146.0700,0,0,0,0
302.200000,1.135830,63.2950,145.9310,0,0,0,0
302.300000,1.136138,63.3336,146.0005,0,0,0,0
302.400000,1.135830,63.2950,145.9310,0,0,0,0
302.500000,1.135521,63.2564,145.8615,0,0,0,0
302.600000,1.133670,63.0248,145.4446,0,0,0,0
302.700000,1.132744,62.9090,145.2361,0,0,0,0
302.800000,1.134287,63.1020,145.5836,0,0,0,0
302.900000,1.133978,63.0634,145.5141,0,0,0,0
303.000000,1.135521,63.2564,145.8615,0,0,0,0
303.100000,1.135830,63.2950,145.9310,0,0,0,0
303.200000,1.136447,63.3722,146.0700,0,0,0,0
303.300000,1.136138,63.3336,146.0005,0,0,0,0
303.400000,1.136138,63.3336,146.0005,0,0,0,0
303.500000,1.136755,63.4108,146.1395,0,0,0,0
303.600000,1.135521,63.2564,145.8615,0,0,0,0
303.700000,1.135830,63.2950,145.9310,0,0,0,0
303.800000,1.136755,63.4108,146.1395,0,0,0,0
303.900000,1.137064,63.4494,146.2090,0,0,0,0
304.000000,1.137681,63.5266,146.3479,0,0,0,0
304.100000,1.138298,63.6038,146.4869,0,0,0,0
304.200000,1.139223,63.7196,146.6953,0,0,0,0
304.300000,1.139223,63.7196,146.6953,0,0,0,0
304.400000,1.138606,63.6424,146.5564,0,0,0,0
304.500000,1.138606,63.6424,146.5564,0,0,0,0
304.600000,1.138298,63.6038,146.4869,0,0,0,0
304.700000,1.137989,63.5652,146.4174,0,0,0,0
304.800000,1.137681,63.5266,146.3479,0,0,0,0
304.900000,1.137681,63.5266,146.3479,0,0,0,0
305.000000,1.137064,63.4494,146.2090,0,0,0,0
305.100000,1.137372,63.4880,146.2784,0,0,0,0
305.200000,1.137989,63.5652,146.4174,0,0,0,0
305.300000,1.137989,63.5652,146.4174,0,0,0,0
305.400000,1.137372,63.4880,146.2784,0,0,0,0
305.500000,1.138298,63.6038,146.4869,0,0,0,0
305.600000,1.138606,63.6424,146.5564,0,0,0,0
305.700000,1.138298,63.6038,146.4869,0,0,0,0
305.800000,1.138606,63.6424,146.5564,0,0,0,0
305.900000,1.139532,63.7582,146.7648,0,0,0,0
306.000000,1.139840,63.7968,146.8343,0,0,0,0
306.100000,1.140149,63.8354,146.9038,0,0,0,0
306.200000,1.139840,63.7968,146.8343,0,0,0,0
306.300000,1.138298,63.6038,146.4869,0,0,0,0
306.400000,1.138915,63.6810,146.6258,0,0,0,0
306.500000,1.138915,63.6810,146.6258,0,0,0,0
306.600000,1.140149,63.8354,146.9038,0,0,0,0
306.700000,1.139532,63.7582,146.7648,0,0,0,0
306.800000,1.138606,63.6424,146.5564,0,0,0,0
306.900000,1.139532,63.7582,146.7648,0,0,0,0
307.000000,1.138606,63.6424,146.5564,0,0,0,0
307.100000,1.138298,63.6038,146.4869,0,0,0,0
307.200000,1.138606,63.6424,146.5564,0,0,0,0
307.300000,1.137989,63.5652,146.4174,0,0,0,0
307.400000,1.138298,63.6038,146.4869,0,0,0,0
307.500000,1.139532,63.7582,146.7648,0,0,0,0
307.600000,1.140766,63.9126,147.0428,0,0,0,0
307.700000,1.140149,63.8354,146.9038,0,0,0,0
307.800000,1.140149,63.8354,146.9038,0,0,0,0
307.900000,1.139840,63.7968,146.8343,0,0,0,0
308.000000,1.141075,63.9512,147.1122,0,0,0,0
308.100000,1.140766,63.9126,147.0428,0,0,0,0
308.200000,1.140458,63.8740,146.9733,0,0,0,0
308.300000,1.136755,63.4108,146.1395,0,0,0,0
308.400000,1.139840,63.7968,146.8343,0,0,0,0
308.500000,1.139840,63.7968,146.8343,0,0,0,0
308.600000,1.140149,63.8354,146.9038,0,0,0,0
308.700000,1.139840,63.7968,146.8343,0,0,0,0
308.800000,1.140766,63.9126,147.0428,0,0,0,0
308.900000,1.139840,63.7968,146.8343,0,0,0,0
309.000000,1.139840,63.7968,146.8343,0,0,0,0
309.100000,1.140149,63.8354,146.9038,0,0,0,0
309.200000,1.138915,63.6810,146.6258,0,0,0,0
309.300000,1.139840,63.7968,146.8343,0,0,0,0
309.400000,1.139840,63.7968,146.8343,0,0,0,0
309.500000,1.140458,63.8740,146.9733,0,0,0,0
309.600000,1.140766,63.9126,147.0428,0,0,0,0
309.700000,1.139840,63.7968,146.8343,0,0,0,0
309.800000,1.139840,63.7968,146.8343,0,0,0,0
309.900000,1.138298,63.6038,146.4869,0,0,0,0
310.000000,1.139532,63.7582,146.7648,0,0,0,0
310.100000,1.139840,63.7968,146.8343,0,0,0,0
310.200000,1.140458,63.8740,146.9733,0,0,0,0
310.300000,1.139532,63.7582,146.7648,0,0,0,0
310.400000,1.137681,63.5266,146.3479,0,0,0,0
310.500000,1.138606,63.6424,146.5564,0,0,0,0
310.600000,1.139532,63.7582,146.7648,0,0,0,0
310.700000,1.139532,63.7582,146.7648,0,0,0,0
310.800000,1.138298,63.6038,146.4869,0,0,0,0
310.900000,1.139223,63.7196,146.6953,0,0,0,0
311.000000,1.140149,63.8354,146.9038,0,0,0,0
311.100000,1.138298,63.6038,146.4869,0,0,0,0
311.200000,1.138298,63.6038,146.4869,0,0,0,0
311.300000,1.137681,63.5266,146.3479,0,0,0,0
311.400000,1.138606,63.6424,146.5564,0,0,0,0
311.500000,1.138606,63.6424,146.5564,0,0,0,0
311.600000,1.139223,63.7196,146.6953,0,0,0,0
311.700000,1.137681,63.5266,146.3479,0,0,0,0
311.800000,1.138606,63.6424,146.5564,0,0,0,0
311.900000,1.138915,63.6810,146.6258,0,0,0,0
312.000000,1.138606,63.6424,146.5564,0,0,0,0
312.100000,1.138298,63.6038,146.4869,0,0,0,0
312.200000,1.139223,63.7196,146.6953,0,0,0,0
312.300000,1.138606,63.6424,146.5564,0,0,0,0
312.400000,1.137681,63.5266,146.3479,0,0,0,0
312.500000,1.138915,63.6810,146.6258,0,0,0,0
312.600000,1.140149,63.8354,146.9038,0,0,0,0
312.700000,1.138298,63.6038,146.4869,0,0,0,0
312.800000,1.137681,63.5266,146.3479,0,0,0,0
312.900000,1.138606,63.6424,146.5564,0,0,0,0
313.000000,1.139223,63.7196,146.6953,0,0,0,0
313.100000,1.140149,63.8354,146.9038,0,0,0,0
313.200000,1.139532,63.7582,146.7648,0,0,0,0
313.300000,1.139840,63.7968,146.8343,0,0,0,0
313.400000,1.139532,63.7582,146.7648,0,0,0,0
313.500000,1.141383,63.9898,147.1817,0,0,0,0
313.600000,1.139223,63.7196,146.6953,0,0,0,0
313.700000,1.139840,63.7968,146.8343,0,0,0,0
313.800000,1.139223,63.7196,146.6953,0,0,0,0
313.900000,1.139532,63.7582,146.7648,0,0,0,0
314.000000,1.139223,63.7196,146.6953,0,0,0,0
314.100000,1.138298,63.6038,146.4869,0,0,0,0
314.200000,1.137681,63.5266,146.3479,0,0,0,0
314.300000,1.139532,63.7582,146.7648,0,0,0,0
314.400000,1.139532,63.7582,146.7648,0,0,0,0
314.500000,1.137989,63.5652,146.4174,0,0,0,0
314.600000,1.138298,63.6038,146.4869,0,0,0,0
314.700000,1.138915,63.6810,146.6258,0,0,0,0
314.800000,1.138606,63.6424,146.5564,0,0,0,0
314.900000,1.139223,63.7196,146.6953,0,0,0,0
315.000000,1.138298,63.6038,146.4869,0,0,0,0
315.100000,1.138915,63.6810,146.6258,0,0,0,0
315.200000,1.139840,63.7968,146.8343,0,0,0,0
315.300000,1.138915,63.6810,146.6258,0,0,0,0
315.400000,1.139223,63.7196,146.6953,0,0,0,0
315.500000,1.137989,63.5652,146.4174,0,0,0,0
315.600000,1.139840,63.7968,146.8343,0,0,0,0
315.700000,1.138606,63.6424,146.5564,0,0,0,0
315.800000,1.138606,63.6424,146.5564,0,0,0,0
315.900000,1.139223,63.7196,146.6953,0,0,0,0
316.000000,1.136447,63.3722,146.0700,0,0,0,0
316.100000,1.139840,63.7968,146.8343,0,0,0,0
316.200000,1.138298,63.6038,146.4869,0,0,0,0
316.300000,1.137989,63.5652,146.4174,0,0,0,0
316.400000,1.138298,63.6038,146.4869,0,0,0,0
316.500000,1.138606,63.6424,146.5564,0,0,0,0
316.600000,1.138298,63.6038,146.4869,0,0,0,0
316.700000,1.138915,63.6810,146.6258,0,0,0,0
316.800000,1.139223,63.7196,146.6953,0,0,0,0
316.900000,1.139223,63.7196,146.6953,0,0,0,0
317.000000,1.137989,63.5652,146.4174,0,0,0,0
317.100000,1.138606,63.6424,146.5564,0,0,0,0
317.200000,1.139223,63.7196,146.6953,0,0,0,0
317.300000,1.137989,63.5652,146.4174,0,0,0,0
317.400000,1.139840,63.7968,146.8343,0,0,0,0
317.500000,1.139223,63.7196,146.6953,0,0,0,0
317.600000,1.139532,63.7582,146.7648,0,0,0,0
317.700000,1.139532,63.7582,146.7648,0,0,0,0
317.800000,1.138915,63.6810,146.6258,0,0,0,0
317.900000,1.139532,63.7582,146.7648,0,0,0,0
318.000000,1.138298,63.6038,146.4869,0,0,0,0
318.100000,1.138915,63.6810,146.6258,0,0,0,0
318.200000,1.136755,63.4108,146.1395,0,0,0,0
318.300000,1.137989,63.5652,146.4174,0,0,0,0
318.400000,1.138915,63.6810,146.6258,0,0,0,0
318.500000,1.137681,63.5266,146.3479,0,0,0,0
318.600000,1.138298,63.6038,146.4869,0,0,0,0
318.700000,1.136447,63.3722,146.0700,0,0,0,0
318.800000,1.138915,63.6810,146.6258,0,0,0,0
318.900000,1.138606,63.6424,146.5564,0,0,0,0
319.000000,1.137681,63.5266,146.3479,0,0,0,0
319.100000,1.138915,63.6810,146.6258,0,0,0,0
319.200000,1.137064,63.4494,146.2090,0,0,0,0
319.300000,1.138915,63.6810,146.6258,0,0,0,0
319.400000,1.138606,63.6424,146.5564,0,0,0,0
319.500000,1.137681,63.5266,146.3479,0,0,0,0
319.600000,1.138298,63.6038,146.4869,0,0,0,0
319.700000,1.138915,63.6810,146.6258,0,0,0,0
319.800000,1.137989,63.5652,146.4174,0,0,0,0
319.900000,1.139532,63.7582,146.7648,0,0,0,0
320.000000,1.137681,63.5266,146.3479,0,0,0,0
320.100000,1.137681,63.5266,146.3479,0,0,0,0
320.200000,1.137989,63.5652,146.4174,0,0,0,0
320.300000,1.137989,63.5652,146.4174,0,0,0,0
320.400000,1.137989,63.5652,146.4174,0,0,0,0
320.500000,1.136447,63.3722,146.0700,0,0,0,0
320.600000,1.138298,63.6038,146.4869,0,0,0,0
320.700000,1.137372,63.4880,146.2784,0,0,0,0
320.800000,1.135830,63.2950,145.9310,0,0,0,0
320.900000,1.136755,63.4108,146.1395,0,0,0,0
321.000000,1.138915,63.6810,146.6258,0,0,0,0
321.100000,1.138606,63.6424,146.5564,0,0,0,0
321.200000,1.137989,63.5652,146.4174,0,0,0,0
321.300000,1.138606,63.6424,146.5564,0,0,0,0
321.400000,1.139223,63.7196,146.6953,0,0,0,0
321.500000,1.137681,63.5266,146.3479,0,0,0,0
321.600000,1.137681,63.5266,146.3479,0,0,0,0
321.700000,1.139223,63.7196,146.6953,0,0,0,0
321.800000,1.138606,63.6424,146.5564,0,0,0,0
321.900000,1.138915,63.6810,146.6258,0,0,0,0
322.000000,1.139840,63.7968,146.8343,0,0,0,0
322.100000,1.138606,63.6424,146.5564,0,0,0,0
322.200000,1.138298,63.6038,146.4869,0,0,0,0
322.300000,1.139223,63.7196,146.6953,0,0,0,0
322.400000,1.137681,63.5266,146.3479,0,0,0,0
322.500000,1.137681,63.5266,146.3479,0,0,0,0
322.600000,1.138915,63.6810,146.6258,0,0,0,0
322.700000,1.138298,63.6038,146.4869,0,0,0,0
322.800000,1.139532,63.7582,146.7648,0,0,0,0
322.900000,1.138915,63.6810,146.6258,0,0,0,0
323.000000,1.136755,63.4108,146.1395,0,0,0,0
323.100000,1.136755,63.4108,146.1395,0,0,0,0
323.200000,1.135830,63.2950,145.9310,0,0,0,0
323.300000,1.137372,63.4880,146.2784,0,0,0,0
323.400000,1.138606,63.6424,146.5564,0,0,0,0
323.500000,1.138606,63.6424,146.5564,0,0,0,0
323.600000,1.137064,63.4494,146.2090,0,0,0,0
323.700000,1.138606,63.6424,146.5564,0,0,0,0
323.800000,1.139223,63.7196,146.6953,0,0,0,0
323.900000,1.138915,63.6810,146.6258,0,0,0,0
324.000000,1.138915,63.6810,146.6258,0,0,0,0
324.100000,1.137989,63.5652,146.4174,0,0,0,0
324.200000,1.137989,63.5652,146.4174,0,0,0,0
324.300000,1.138298,63.6038,146.4869,0,0,0,0
324.400000,1.137681,63.5266,146.3479,0,0,0,0
324.500000,1.137989,63.5652,146.4174,0,0,0,0
324.600000,1.138915,63.6810,146.6258,0,0,0,0
324.700000,1.139532,63.7582,146.7648,0,0,0,0
324.800000,1.138915,63.6810,146.6258,0,0,0,0
324.900000,1.139840,63.7968,146.8343,0,0,0,0
325.000000,1.139840,63.7968,146.8343,0,0,0,0
325.100000,1.139223,63.7196,146.6953,0,0,0,0
325.200000,1.139223,63.7196,146.6953,0,0,0,0
325.300000,1.138606,63.6424,146.5564,0,0,0,0
325.400000,1.138298,63.6038,146.4869,0,0,0,0
325.500000,1.137372,63.4880,146.2784,0,0,0,0
325.600000,1.138298,63.6038,146.4869,0,0,0,0
325.700000,1.139532,63.7582,146.7648,0,0,0,0
325.800000,1.137989,63.5652,146.4174,0,0,0,0
325.900000,1.138915,63.6810,146.6258,0,0,0,0
326.000000,1.137989,63.5652,146.4174,0,0,0,0
326.100000,1.139223,63.7196,146.6953,0,0,0,0
326.200000,1.139532,63.7582,146.7648,0,0,0,0
326.300000,1.139840,63.7968,146.8343,0,0,0,0
326.400000,1.138606,63.6424,146.5564,0,0,0,0
326.500000,1.137989,63.5652,146.4174,0,0,0,0
326.600000,1.139223,63.7196,146.6953,0,0,0,0
326.700000,1.138606,63.6424,146.5564,0,0,0,0
326.800000,1.138606,63.6424,146.5564,0,0,0,0
326.900000,1.138915,63.6810,146.6258,0,0,0,0
327.000000,1.138915,63.6810,146.6258,0,0,0,0
327.100000,1.139840,63.7968,146.8343,0,0,0,0
327.200000,1.139223,63.7196,146.6953,0,0,0,0
327.300000,1.138606,63.6424,146.5564,0,0,0,0
327.400000,1.138915,63.6810,146.6258,0,0,0,0
327.500000,1.138298,63.6038,146.4869,0,0,0,0
327.600000,1.137989,63.5652,146.4174,0,0,0,0
327.700000,1.139223,63.7196,146.6953,0,0,0,0
327.800000,1.138606,63.6424,146.5564,0,0,0,0
327.900000,1.138606,63.6424,146.5564,0,0,0,0
328.000000,1.138915,63.6810,146.6258,0,0,0,0
328.100000,1.139223,63.7196,146.6953,0,0,0,0
328.200000,1.138915,63.6810,146.6258,0,0,0,0
328.300000,1.137989,63.5652,146.4174,0,0,0,0
328.400000,1.137372,63.4880,146.2784,0,0,0,0
328.500000,1.137372,63.4880,146.2784,0,0,0,0
328.600000,1.138915,63.6810,146.6258,0,0,0,0
328.700000,1.138606,63.6424,146.5564,0,0,0,0
328.800000,1.138915,63.6810,146.6258,0,0,0,0
328.900000,1.139532,63.7582,146.7648,0,0,0,0
329.000000,1.140149,63.8354,146.9038,0,0,0,0
329.100000,1.138298,63.6038,146.4869,0,0,0,0
329.200000,1.140149,63.8354,146.9038,0,0,0,0
329.300000,1.138298,63.6038,146.4869,0,0,0,0
329.400000,1.137989,63.5652,146.4174,0,0,0,0
329.500000,1.138606,63.6424,146.5564,0,0,0,0
329.600000,1.139532,63.7582,146.7648,0,0,0,0
329.700000,1.139223,63.7196,146.6953,0,0,0,0
329.800000,1.140149,63.8354,146.9038,0,0,0,0
329.900000,1.139532,63.7582,146.7648,0,0,0,0
330.000000,1.139532,63.7582,146.7648,0,0,0,0
330.100000,1.138915,63.6810,146.6258,0,0,0,0
330.200000,1.137681,63.5266,146.3479,0,0,0,0
330.300000,1.139223,63.7196,146.6953,0,0,0,0
330.400000,1.139532,63.7582,146.7648,0,0,0,0
330.500000,1.139223,63.7196,146.6953,0,0,0,0
330.600000,1.139840,63.7968,146.8343,0,0,0,0
330.700000,1.141075,63.9512,147.1122,0,0,0,0
330.800000,1.139223,63.7196,146.6953,0,0,0,0
330.900000,1.138298,63.6038,146.4869,0,0,0,0
331.000000,1.139532,63.7582,146.7648,0,0,0,0
331.100000,1.139532,63.7582,146.7648,0,0,0,0
331.200000,1.140458,63.8740,146.9733,0,0,0,0
331.300000,1.138915,63.6810,146.6258,0,0,0,0
331.400000,1.138606,63.6424,146.5564,0,0,0,0
331.500000,1.139532,63.7582,146.7648,0,0,0,0
331.600000,1.138298,63.6038,146.4869,0,0,0,0
331.700000,1.140149,63.8354,146.9038,0,0,0,0
331.800000,1.138298,63.6038,146.4869,0,0,0,0
331.900000,1.138298,63.6038,146.4869,0,0,0,0
332.000000,1.139223,63.7196,146.6953,0,0,0,0
332.100000,1.139840,63.7968,146.8343,0,0,0,0
332.200000,1.139840,63.7968,146.8343,0,0,0,0
332.300000,1.138606,63.6424,146.5564,0,0,0,0
332.400000,1.138915,63.6810,146.6258,0,0,0,0
332.500000,1.139223,63.7196,146.6953,0,0,0,0
332.600000,1.138606,63.6424,146.5564,0,0,0,0
332.700000,1.137989,63.5652,146.4174,0,0,0,0
332.800000,1.137989,63.5652,146.4174,0,0,0,0
332.900000,1.137681,63.5266,146.3479,0,0,0,0
333.000000,1.138915,63.6810,146.6258,0,0,0,0
333.100000,1.138298,63.6038,146.4869,0,0,0,0
333.200000,1.138606,63.6424,146.5564,0,0,0,0
333.300000,1.138915,63.6810,146.6258,0,0,0,0
333.400000,1.137372,63.4880,146.2784,0,0,0,0
333.500000,1.137064,63.4494,146.2090,0,0,0,0
333.600000,1.137681,63.5266,146.3479,0,0,0,0
333.700000,1.138915,63.6810,146.6258,0,0,0,0
333.800000,1.136447,63.3722,146.0700,0,0,0,0
333.900000,1.137681,63.5266,146.3479,0,0,0,0
334.000000,1.137372,63.4880,146.2784,0,0,0,0
334.100000,1.135521,63.2564,145.8615,0,0,0,0
334.200000,1.137372,63.4880,146.2784,0,0,0,0
334.300000,1.138298,63.6038,146.4869,0,0,0,0
334.400000,1.137681,63.5266,146.3479,0,0,0,0
334.500000,1.137681,63.5266,146.3479,0,0,0,0
334.600000,1.135213,63.2178,145.7920,0,0,0,0
334.700000,1.137064,63.4494,146.2090,0,0,0,0
334.800000,1.138298,63.6038,146.4869,0,0,0,0
334.900000,1.137989,63.5652,146.4174,0,0,0,0
335.000000,1.137372,63.4880,146.2784,0,0,0,0
335.100000,1.137681,63.5266,146.3479,0,0,0,0
335.200000,1.137372,63.4880,146.2784,0,0,0,0
335.300000,1.137372,63.4880,146.2784,0,0,0,0
335.400000,1.137372,63.4880,146.2784,0,0,0,0
335.500000,1.137681,63.5266,146.3479,0,0,0,0
335.600000,1.136447,63.3722,146.0700,0,0,0,0
335.700000,1.137064,63.4494,146.2090,0,0,0,0
335.800000,1.135830,63.2950,145.9310,0,0,0,0
335.900000,1.136755,63.4108,146.1395,0,0,0,0
336.000000,1.136447,63.3722,146.0700,0,0,0,0
336.100000,1.136447,63.3722,146.0700,0,0,0,0
336.200000,1.136755,63.4108,146.1395,0,0,0,0
336.300000,1.135521,63.2564,145.8615,0,0,0,0
336.400000,1.136138,63.3336,146.0005,0,0,0,0
336.500000,1.134596,63.1406,145.6531,0,0,0,0
336.600000,1.136138,63.3336,146.0005,0,0,0,0
336.700000,1.136138,63.3336,146.0005,0,0,0,0
336.800000,1.135830,63.2950,145.9310,0,0,0,0
336.900000,1.135830,63.2950,145.9310,0,0,0,0
337.000000,1.134596,63.1406,145.6531,0,0,0,0
337.100000,1.135830,63.2950,145.9310,0,0,0,0
337.200000,1.135213,63.2178,145.7920,0,0,0,0
337.300000,1.136138,63.3336,146.0005,0,0,0,0
337.400000,1.135830,63.2950,145.9310,0,0,0,0
337.500000,1.135830,63.2950,145.9310,0,0,0,0
337.600000,1.136138,63.3336,146.0005,0,0,0,0
337.700000,1.135521,63.2564,145.8615,0,0,0,0
337.800000,1.136447,63.3722,146.0700,0,0,0,0
337.900000,1.134287,63.1020,145.5836,0,0,0,0
338.000000,1.134287,63.1020,145.5836,0,0,0,0
338.100000,1.133978,63.0634,145.5141,0,0,0,0
338.200000,1.134596,63.1406,145.6531,0,0,0,0
338.300000,1.133670,63.0248,145.4446,0,0,0,0
338.400000,1.135213,63.2178,145.7920,0,0,0,0
338.500000,1.133053,62.9476,145.3056,0,0,0,0
338.600000,1.135213,63.2178,145.7920,0,0,0,0
338.700000,1.135213,63.2178,145.7920,0,0,0,0
338.800000,1.135521,63.2564,145.8615,0,0,0,0
338.900000,1.136447,63.3722,146.0700,0,0,0,0
339.000000,1.135213,63.2178,145.7920,0,0,0,0
339.100000,1.134904,63.1792,145.7225,0,0,0,0
339.200000,1.133978,63.0634,145.5141,0,0,0,0
339.300000,1.135830,63.2950,145.9310,0,0,0,0
339.400000,1.134287,63.1020,145.5836,0,0,0,0
339.500000,1.134904,63.1792,145.7225,0,0,0,0
339.600000,1.134904,63.1792,145.7225,0,0,0,0
339.700000,1.134596,63.1406,145.6531,0,0,0,0
339.800000,1.134596,63.1406,145.6531,0,0,0,0
339.900000,1.133978,63.0634,145.5141,0,0,0,0
340.000000,1.133053,62.9476,145.3056,0,0,0,0
340.100000,1.135521,63.2564,145.8615,0,0,0,0
340.200000,1.134904,63.1792,145.7225,0,0,0,0
340.300000,1.135213,63.2178,145.7920,0,0,0,0
340.400000,1.133978,63.0634,145.5141,0,0,0,0
340.500000,1.134596,63.1406,145.6531,0,0,0,0
340.600000,1.134287,63.1020,145.5836,0,0,0,0
340.700000,1.134596,63.1406,145.6531,0,0,0,0
340.800000,1.134904,63.1792,145.7225,0,0,0,0
340.900000,1.135830,63.2950,145.9310,0,0,0,0
341.000000,1.135830,63.2950,145.9310,0,0,0,0
341.100000,1.136138,63.3336,146.0005,0,0,0,0
341.200000,1.134287,63.1020,145.5836,0,0,0,0
341.300000,1.136138,63.3336,146.0005,0,0,0,0
341.400000,1.136755,63.4108,146.1395,0,0,0,0
341.500000,1.134596,63.1406,145.6531,0,0,0,0
341.600000,1.136138,63.3336,146.0005,0,0,0,0
341.700000,1.137372,63.4880,146.2784,0,0,0,0
341.800000,1.135213,63.2178,145.7920,0,0,0,0
341.900000,1.135830,63.2950,145.9310,0,0,0,0
342.000000,1.135830,63.2950,145.9310,0,0,0,0
342.100000,1.136755,63.4108,146.1395,0,0,0,0
342.200000,1.133670,63.0248,145.4446,0,0,0,0
342.300000,1.135521,63.2564,145.8615,0,0,0,0
342.400000,1.136755,63.4108,146.1395,0,0,0,0
342.500000,1.135213,63.2178,145.7920,0,0,0,0
342.600000,1.135521,63.2564,145.8615,0,0,0,0
342.700000,1.135830,63.2950,145.9310,0,0,0,0
342.800000,1.136447,63.3722,146.0700,0,0,0,0
342.900000,1.135521,63.2564,145.8615,0,0,0,0
343.000000,1.135521,63.2564,145.8615,0,0,0,0
343.100000,1.137681,63.5266,146.3479,0,0,0,0
343.200000,1.136447,63.3722,146.0700,0,0,0,0
343.300000,1.136447,63.3722,146.0700,0,0,0,0
343.400000,1.134596,63.1406,145.6531,0,0,0,0
343.500000,1.136447,63.3722,146.0700,0,0,0,0
343.600000,1.136447,63.3722,146.0700,0,0,0,0
343.700000,1.135830,63.2950,145.9310,0,0,0,0
343.800000,1.135521,63.2564,145.8615,0,0,0,0
343.900000,1.136755,63.4108,146.1395,0,0,0,0
344.000000,1.136755,63.4108,146.1395,0,0,0,0
344.100000,1.135213,63.2178,145.7920,0,0,0,0
344.200000,1.134596,63.1406,145.6531,0,0,0,0
344.300000,1.134904,63.1792,145.7225,0,0,0,0
344.400000,1.135521,63.2564,145.8615,0,0,0,0
344.500000,1.136755,63.4108,146.1395,0,0,0,0
344.600000,1.136138,63.3336,146.0005,0,0,0,0
344.700000,1.135830,63.2950,145.9310,0,0,0,0
344.800000,1.134287,63.1020,145.5836,0,0,0,0
344.900000,1.133670,63.0248,145.4446,0,0,0,0
345.000000,1.136755,63.4108,146.1395,0,0,0,0
345.100000,1.135213,63.2178,145.7920,0,0,0,0
345.200000,1.135521,63.2564,145.8615,0,0,0,0
345.300000,1.135213,63.2178,145.7920,0,0,0,0
345.400000,1.134904,63.1792,145.7225,0,0,0,0
345.500000,1.134287,63.1020,145.5836,0,0,0,0
345.600000,1.135521,63.2564,145.8615,0,0,0,0
345.700000,1.137372,63.4880,146.2784,0,0,0,0
345.800000,1.136138,63.3336,146.0005,0,0,0,0
345.900000,1.135830,63.2950,145.9310,0,0,0,0
346.000000,1.134904,63.1792,145.7225,0,0,0,0
346.100000,1.136755,63.4108,146.1395,0,0,0,0
346.200000,1.134596,63.1406,145.6531,0,0,0,0
346.300000,1.135521,63.2564,145.8615,0,0,0,0
346.400000,1.135830,63.2950,145.9310,0,0,0,0
346.500000,1.136138,63.3336,146.0005,0,0,0,0
346.600000,1.136755,63.4108,146.1395,0,0,0,0
346.700000,1.136138,63.3336,146.0005,0,0,0,0
346.800000,1.135213,63.2178,145.7920,0,0,0,0
346.900000,1.136447,63.3722,146.0700,0,0,0,0
347.000000,1.137064,63.4494,146.2090,0,0,0,0
347.100000,1.137064,63.4494,146.2090,0,0,0,0
347.200000,1.134904,63.1792,145.7225,0,0,0,0
347.300000,1.134904,63.1792,145.7225,0,0,0,0
347.400000,1.135213,63.2178,145.7920,0,0,0,0
347.500000,1.135521,63.2564,145.8615,0,0,0,0
347.600000,1.135521,63.2564,145.8615,0,0,0,0
347.700000,1.135830,63.2950,145.9310,0,0,0,0
347.800000,1.136138,63.3336,146.0005,0,0,0,0
347.900000,1.136138,63.3336,146.0005,0,0,0,0
348.000000,1.136138,63.3336,146.0005,0,0,0,0
348.100000,1.136138,63.3336,146.0005,0,0,0,0
348.200000,1.135830,63.2950,145.9310,0,0,0,0
348.300000,1.136447,63.3722,146.0700,0,0,0,0
348.400000,1.137681,63.5266,146.3479,0,0,0,0
348.500000,1.135830,63.2950,145.9310,0,0,0,0
348.600000,1.136447,63.3722,146.0700,0,0,0,0
348.700000,1.136755,63.4108,146.1395,0,0,0,0
348.800000,1.136447,63.3722,146.0700,0,0,0,0
348.900000,1.136138,63.3336,146.0005,0,0,0,0
349.000000,1.135830,63.2950,145.9310,0,0,0,0
349.100000,1.136138,63.3336,146.0005,0,0,0,0
349.200000,1.137064,63.4494,146.2090,0,0,0,0
349.300000,1.136138,63.3336,146.0005,0,0,0,0
349.400000,1.136138,63.3336,146.0005,0,0,0,0
349.500000,1.134596,63.1406,145.6531,0,0,0,0
349.600000,1.135521,63.2564,145.8615,0,0,0,0
349.700000,1.135521,63.2564,145.8615,0,0,0,0
349.800000,1.136447,63.3722,146.0700,0,0,0,0
349.900000,1.135521,63.2564,145.8615,0,0,0,0
350.000000,1.133670,63.0248,145.4446,0,0,0,0
350.100000,1.134596,63.1406,145.6531,0,0,0,0
350.200000,1.134904,63.1792,145.7225,0,0,0,0
350.300000,1.133978,63.0634,145.5141,0,0,0,0
350.400000,1.135213,63.2178,145.7920,0,0,0,0
350.500000,1.135830,63.2950,145.9310,0,0,0,0
350.600000,1.136447,63.3722,146.0700,0,0,0,0
350.700000,1.135521,63.2564,145.8615,0,0,0,0
350.800000,1.135521,63.2564,145.8615,0,0,0,0
350.900000,1.134287,63.1020,145.5836,0,0,0,0
351.000000,1.133978,63.0634,145.5141,0,0,0,0
351.100000,1.134287,63.1020,145.5836,0,0,0,0
351.200000,1.134904,63.1792,145.7225,0,0,0,0
351.300000,1.135213,63.2178,145.7920,0,0,0,0
351.400000,1.134904,63.1792,145.7225,0,0,0,0
351.500000,1.136138,63.3336,146.0005,0,0,0,0
351.600000,1.134904,63.1792,145.7225,0,0,0,0
351.700000,1.132744,62.9090,145.2361,0,0,0,0
351.800000,1.133978,63.0634,145.5141,0,0,0,0
351.900000,1.133670,63.0248,145.4446,0,0,0,0
352.000000,1.132436,62.8704,145.1667,0,0,0,0
352.100000,1.133361,62.9862,145.3751,0,0,0,0
352.200000,1.132127,62.8318,145.0972,0,0,0,0
352.300000,1.133978,63.0634,145.5141,0,0,0,0
352.400000,1.134287,63.1020,145.5836,0,0,0,0
352.500000,1.133670,63.0248,145.4446,0,0,0,0
352.600000,1.133361,62.9862,145.3751,0,0,0,0
352.700000,1.133053,62.9476,145.3056,0,0,0,0
352.800000,1.133670,63.0248,145.4446,0,0,0,0
352.900000,1.133361,62.9862,145.3751,0,0,0,0
353.000000,1.132127,62.8318,145.0972,0,0,0,0
353.100000,1.133361,62.9862,145.3751,0,0,0,0
353.200000,1.133978,63.0634,145.5141,0,0,0,0
353.300000,1.133361,62.9862,145.3751,0,0,0,0
353.400000,1.133670,63.0248,145.4446,0,0,0,0
353.500000,1.132744,62.9090,145.2361,0,0,0,0
353.600000,1.134287,63.1020,145.5836,0,0,0,0
353.700000,1.133670,63.0248,145.4446,0,0,0,0
353.800000,1.133053,62.9476,145.3056,0,0,0,0
353.900000,1.132127,62.8318,145.0972,0,0,0,0
354.000000,1.133053,62.9476,145.3056,0,0,0,0
354.100000,1.133361,62.9862,145.3751,0,0,0,0
354.200000,1.133053,62.9476,145.3056,0,0,0,0
354.300000,1.134596,63.1406,145.6531,0,0,0,0
354.400000,1.134596,63.1406,145.6531,0,0,0,0
354.500000,1.133361,62.9862,145.3751,0,0,0,0
354.600000,1.131510,62.7546,144.9582,0,0,0,0
354.700000,1.133670,63.0248,145.4446,0,0,0,0
354.800000,1.133361,62.9862,145.3751,0,0,0,0
354.900000,1.132744,62.9090,145.2361,0,0,0,0
355.000000,1.133978,63.0634,145.5141,0,0,0,0
355.100000,1.133053,62.9476,145.3056,0,0,0,0
355.200000,1.132436,62.8704,145.1667,0,0,0,0
355.300000,1.133361,62.9862,145.3751,0,0,0,0
355.400000,1.133053,62.9476,145.3056,0,0,0,0
355.500000,1.133361,62.9862,145.3751,0,0,0,0
355.600000,1.133361,62.9862,145.3751,0,0,0,0
355.700000,1.132744,62.9090,145.2361,0,0,0,0
355.800000,1.133053,62.9476,145.3056,0,0,0,0
355.900000,1.133978,63.0634,145.5141,0,0,0,0
356.000000,1.131202,62.7159,144.8887,0,0,0,0
356.100000,1.133053,62.9476,145.3056,0,0,0,0
356.200000,1.133053,62.9476,145.3056,0,0,0,0
356.300000,1.133670,63.0248,145.4446,0,0,0,0
356.400000,1.133053,62.9476,145.3056,0,0,0,0
356.500000,1.131819,62.7932,145.0277,0,0,0,0
356.600000,1.133361,62.9862,145.3751,0,0,0,0
356.700000,1.132127,62.8318,145.0972,0,0,0,0
356.800000,1.133361,62.9862,145.3751,0,0,0,0
356.900000,1.133978,63.0634,145.5141,0,0,0,0
357.000000,1.132744,62.9090,145.2361,0,0,0,0
357.100000,1.133670,63.0248,145.4446,0,0,0,0
357.200000,1.132436,62.8704,145.1667,0,0,0,0
357.300000,1.133670,63.0248,145.4446,0,0,0,0
357.400000,1.132127,62.8318,145.0972,0,0,0,0
357.500000,1.133361,62.9862,145.3751,0,0,0,0
357.600000,1.133978,63.0634,145.5141,0,0,0,0
357.700000,1.133670,63.0248,145.4446,0,0,0,0
357.800000,1.133670,63.0248,145.4446,0,0,0,0
357.900000,1.132127,62.8318,145.0972,0,0,0,0
358.000000,1.133361,62.9862,145.3751,0,0,0,0
358.100000,1.133053,62.9476,145.3056,0,0,0,0
358.200000,1.133670,63.0248,145.4446,0,0,0,0
358.300000,1.131202,62.7159,144.8887,0,0,0,0
358.400000,1.133361,62.9862,145.3751,0,0,0,0
358.500000,1.131510,62.7546,144.9582,0,0,0,0
358.600000,1.133361,62.9862,145.3751,0,0,0,0
358.700000,1.132744,62.9090,145.2361,0,0,0,0
358.800000,1.133670,63.0248,145.4446,0,0,0,0
358.900000,1.132436,62.8704,145.1667,0,0,0,0
359.000000,1.133978,63.0634,145.5141,0,0,0,0
359.100000,1.133361,62.9862,145.3751,0,0,0,0
359.200000,1.133053,62.9476,145.3056,0,0,0,0
359.300000,1.133670,63.0248,145.4446,0,0,0,0
359.400000,1.132744,62.9090,145.2361,0,0,0,0
359.500000,1.132436,62.8704,145.1667,0,0,0,0
359.600000,1.133053,62.9476,145.3056,0,0,0,0
359.700000,1.133361,62.9862,145.3751,0,0,0,0
359.800000,1.133053,62.9476,145.3056,0,0,0,0
359.900000,1.131202,62.7159,144.8887,0,0,0,0
360.000000,1.132436,62.8704,145.1667,0,0,0,0
360.100000,1.132436,62.8704,145.1667,0,0,0,0
360.200000,1.133053,62.9476,145.3056,0,0,0,0
360.300000,1.132127,62.8318,145.0972,0,0,0,0
360.400000,1.132744,62.9090,145.2361,0,0,0,0
360.500000,1.132127,62.8318,145.0972,0,0,0,0
360.600000,1.132127,62.8318,145.0972,0,0,0,0
360.700000,1.132127,62.8318,145.0972,0,0,0,0
360.800000,1.132127,62.8318,145.0972,0,0,0,0
360.900000,1.132744,62.9090,145.2361,0,0,0,0
361.000000,1.131819,62.7932,145.0277,0,0,0,0
361.100000,1.130276,62.6001,144.6803,0,0,0,0
361.200000,1.131202,62.7159,144.8887,0,0,0,0
361.300000,1.132744,62.9090,145.2361,0,0,0,0
361.400000,1.130893,62.6773,144.8192,0,0,0,0
361.500000,1.130893,62.6773,144.8192,0,0,0,0
361.600000,1.131819,62.7932,145.0277,0,0,0,0
361.700000,1.132744,62.9090,145.2361,0,0,0,0
361.800000,1.130585,62.6387,144.7497,0,0,0,0
361.900000,1.130585,62.6387,144.7497,0,0,0,0
362.000000,1.132436,62.8704,145.1667,0,0,0,0
362.100000,1.131202,62.7159,144.8887,0,0,0,0
362.200000,1.132436,62.8704,145.1667,0,0,0,0
362.300000,1.132436,62.8704,145.1667,0,0,0,0
362.400000,1.131202,62.7159,144.8887,0,0,0,0
362.500000,1.132744,62.9090,145.2361,0,0,0,0
362.600000,1.132436,62.8704,145.1667,0,0,0,0
362.700000,1.132744,62.9090,145.2361,0,0,0,0
362.800000,1.132744,62.9090,145.2361,0,0,0,0
362.900000,1.131510,62.7546,144.9582,0,0,0,0
363.000000,1.132127,62.8318,145.0972,0,0,0,0
363.100000,1.131819,62.7932,145.0277,0,0,0,0
363.200000,1.131202,62.7159,144.8887,0,0,0,0
363.300000,1.131819,62.7932,145.0277,0,0,0,0
363.400000,1.131510,62.7546,144.9582,0,0,0,0
363.500000,1.130893,62.6773,144.8192,0,0,0,0
363.600000,1.133053,62.9476,145.3056,0,0,0,0
363.700000,1.131202,62.7159,144.8887,0,0,0,0
363.800000,1.129659,62.5229,144.5413,0,0,0,0
363.900000,1.131819,62.7932,145.0277,0,0,0,0
364.000000,1.132127,62.8318,145.0972,0,0,0,0
364.100000,1.129968,62.5615,144.6108,0,0,0,0
364.200000,1.129659,62.5229,144.5413,0,0,0,0
364.300000,1.130276,62.6001,144.6803,0,0,0,0
364.400000,1.130276,62.6001,144.6803,0,0,0,0
364.500000,1.129351,62.4843,144.4718,0,0,0,0
364.600000,1.130893,62.6773,144.8192,0,0,0,0
364.700000,1.130585,62.6387,144.7497,0,0,0,0
364.800000,1.128116,62.3299,144.1939,0,0,0,0
364.900000,1.128734,62.4071,144.3329,0,0,0,0
365.000000,1.129351,62.4843,144.4718,0,0,0,0
365.100000,1.129351,62.4843,144.4718,0,0,0,0
365.200000,1.128116,62.3299,144.1939,0,0,0,0
365.300000,1.129042,62.4457,144.4023,0,0,0,0
365.400000,1.128734,62.4071,144.3329,0,0,0,0
365.500000,1.129659,62.5229,144.5413,0,0,0,0
365.600000,1.128734,62.4071,144.3329,0,0,0,0
365.700000,1.127191,62.2141,143.9854,0,0,0,0
365.800000,1.129042,62.4457,144.4023,0,0,0,0
365.900000,1.129042,62.4457,144.4023,0,0,0,0
366.000000,1.129042,62.4457,144.4023,0,0,0,0
366.100000,1.127808,62.2913,144.1244,0,0,0,0
366.200000,1.128734,62.4071,144.3329,0,0,0,0
366.300000,1.128734,62.4071,144.3329,0,0,0,0
366.400000,1.128734,62.4071,144.3329,0,0,0,0
366.500000,1.128734,62.4071,144.3329,0,0,0,0
366.600000,1.127808,62.2913,144.1244,0,0,0,0
366.700000,1.128425,62.3685,144.2633,0,0,0,0
366.800000,1.128734,62.4071,144.3329,0,0,0,0
366.900000,1.129042,62.4457,144.4023,0,0,0,0
367.000000,1.129042,62.4457,144.4023,0,0,0,0
367.100000,1.128116,62.3299,144.1939,0,0,0,0
367.200000,1.127808,62.2913,144.1244,0,0,0,0
367.300000,1.129042,62.4457,144.4023,0,0,0,0
367.400000,1.128425,62.3685,144.2633,0,0,0,0
367.500000,1.128116,62.3299,144.1939,0,0,0,0
367.600000,1.128425,62.3685,144.2633,0,0,0,0
367.700000,1.127499,62.2527,144.0549,0,0,0,0
367.800000,1.127499,62.2527,144.0549,0,0,0,0
367.900000,1.127808,62.2913,144.1244,0,0,0,0
368.000000,1.128116,62.3299,144.1939,0,0,0,0
368.100000,1.129351,62.4843,144.4718,0,0,0,0
368.200000,1.128734,62.4071,144.3329,0,0,0,0
368.300000,1.126882,62.1755,143.9159,0,0,0,0
368.400000,1.127191,62.2141,143.9854,0,0,0,0
368.500000,1.129042,62.4457,144.4023,0,0,0,0
368.600000,1.128734,62.4071,144.3329,0,0,0,0
368.700000,1.128425,62.3685,144.2633,0,0,0,0
368.800000,1.129042,62.4457,144.4023,0,0,0,0
368.900000,1.127191,62.2141,143.9854,0,0,0,0
369.000000,1.125957,62.0597,143.7075,0,0,0,0
369.100000,1.126574,62.1369,143.8465,0,0,0,0
369.200000,1.127499,62.2527,144.0549,0,0,0,0
369.300000,1.126574,62.1369,143.8465,0,0,0,0
369.400000,1.127808,62.2913,144.1244,0,0,0,0
369.500000,1.128116,62.3299,144.1939,0,0,0,0
369.600000,1.128116,62.3299,144.1939,0,0,0,0
369.700000,1.128116,62.3299,144.1939,0,0,0,0
369.800000,1.128425,62.3685,144.2633,0,0,0,0
369.900000,1.128116,62.3299,144.1939,0,0,0,0
370.000000,1.127499,62.2527,144.0549,0,0,0,0
370.100000,1.127499,62.2527,144.0549,0,0,0,0
370.200000,1.128116,62.3299,144.1939,0,0,0,0
370.300000,1.127808,62.2913,144.1244,0,0,0,0
370.400000,1.128425,62.3685,144.2633,0,0,0,0
370.500000,1.126882,62.1755,143.9159,0,0,0,0
370.600000,1.127499,62.2527,144.0549,0,0,0,0
370.700000,1.127808,62.2913,144.1244,0,0,0,0
370.800000,1.127808,62.2913,144.1244,0,0,0,0
370.900000,1.127499,62.2527,144.0549,0,0,0,0
371.000000,1.124106,61.8281,143.2906,0,0,0,0
371.100000,1.124723,61.9053,143.4295,0,0,0,0
371.200000,1.124414,61.8667,143.3600,0,0,0,0
371.300000,1.127191,62.2141,143.9854,0,0,0,0
371.400000,1.123489,61.7509,143.1516,0,0,0,0
371.500000,1.123180,61.7123,143.0821,0,0,0,0
371.600000,1.125340,61.9825,143.5685,0,0,0,0
371.700000,1.125648,62.0211,143.6380,0,0,0,0
371.800000,1.126882,62.1755,143.9159,0,0,0,0
371.900000,1.125031,61.9439,143.4990,0,0,0,0
372.000000,1.126882,62.1755,143.9159,0,0,0,0
372.100000,1.125340,61.9825,143.5685,0,0,0,0
372.200000,1.126265,62.0983,143.7770,0,0,0,0
372.300000,1.125648,62.0211,143.6380,0,0,0,0
372.400000,1.124723,61.9053,143.4295,0,0,0,0
372.500000,1.124723,61.9053,143.4295,0,0,0,0
372.600000,1.123797,61.7895,143.2211,0,0,0,0
372.700000,1.124723,61.9053,143.4295,0,0,0,0
372.800000,1.124723,61.9053,143.4295,0,0,0,0
372.900000,1.125031,61.9439,143.4990,0,0,0,0
373.000000,1.122871,61.6737,143.0126,0,0,0,0
373.100000,1.125340,61.9825,143.5685,0,0,0,0
373.200000,1.125648,62.0211,143.6380,0,0,0,0
373.300000,1.125031,61.9439,143.4990,0,0,0,0
373.400000,1.125957,62.0597,143.7075,0,0,0,0
373.500000,1.125957,62.0597,143.7075,0,0,0,0
373.600000,1.125957,62.0597,143.7075,0,0,0,0
373.700000,1.126574,62.1369,143.8465,0,0,0,0
373.800000,1.125340,61.9825,143.5685,0,0,0,0
373.900000,1.126574,62.1369,143.8465,0,0,0,0
374.000000,1.125648,62.0211,143.6380,0,0,0,0
374.100000,1.125340,61.9825,143.5685,0,0,0,0
374.200000,1.125648,62.0211,143.6380,0,0,0,0
374.300000,1.126265,62.0983,143.7770,0,0,0,0
374.400000,1.125957,62.0597,143.7075,0,0,0,0
374.500000,1.125340,61.9825,143.5685,0,0,0,0
374.600000,1.125648,62.0211,143.6380,0,0,0,0
374.700000,1.124414,61.8667,143.3600,0,0,0,0
374.800000,1.125957,62.0597,143.7075,0,0,0,0
374.900000,1.125340,61.9825,143.5685,0,0,0,0
375.000000,1.124723,61.9053,143.4295,0,0,0,0
375.100000,1.124106,61.8281,143.2906,0,0,0,0
375.200000,1.123489,61.7509,143.1516,0,0,0,0
375.300000,1.123797,61.7895,143.2211,0,0,0,0
375.400000,1.125340,61.9825,143.5685,0,0,0,0
375.500000,1.124723,61.9053,143.4295,0,0,0,0
375.600000,1.125648,62.0211,143.6380,0,0,0,0
375.700000,1.124414,61.8667,143.3600,0,0,0,0
375.800000,1.125031,61.9439,143.4990,0,0,0,0
375.900000,1.125031,61.9439,143.4990,0,0,0,0
376.000000,1.126265,62.0983,143.7770,0,0,0,0
376.100000,1.123797,61.7895,143.2211,0,0,0,0
376.200000,1.125340,61.9825,143.5685,0,0,0,0
376.300000,1.124414,61.8667,143.3600,0,0,0,0
376.400000,1.126574,62.1369,143.8465,0,0,0,0
376.500000,1.125340,61.9825,143.5685,0,0,0,0
376.600000,1.126574,62.1369,143.8465,0,0,0,0
376.700000,1.126574,62.1369,143.8465,0,0,0,0
376.800000,1.125957,62.0597,143.7075,0,0,0,0
376.900000,1.126882,62.1755,143.9159,0,0,0,0
377.000000,1.123180,61.7123,143.0821,0,0,0,0
377.100000,1.125957,62.0597,143.7075,0,0,0,0
377.200000,1.125340,61.9825,143.5685,0,0,0,0
377.300000,1.125340,61.9825,143.5685,0,0,0,0
377.400000,1.125957,62.0597,143.7075,0,0,0,0
377.500000,1.125648,62.0211,143.6380,0,0,0,0
377.600000,1.126882,62.1755,143.9159,0,0,0,0
377.700000,1.125340,61.9825,143.5685,0,0,0,0
377.800000,1.124723,61.9053,143.4295,0,0,0,0
377.900000,1.126574,62.1369,143.8465,0,0,0,0
378.000000,1.125957,62.0597,143.7075,0,0,0,0
378.100000,1.125340,61.9825,143.5685,0,0,0,0
378.200000,1.125648,62.0211,143.6380,0,0,0,0
378.300000,1.124414,61.8667,143.3600,0,0,0,0
378.400000,1.125340,61.9825,143.5685,0,0,0,0
378.500000,1.125648,62.0211,143.6380,0,0,0,0
378.600000,1.126882,62.1755,143.9159,0,0,0,0
378.700000,1.125340,61.9825,143.5685,0,0,0,0
378.800000,1.124106,61.8281,143.2906,0,0,0,0
378.900000,1.124414,61.8667,143.3600,0,0,0,0
379.000000,1.124106,61.8281,143.2906,0,0,0,0
379.100000,1.125031,61.9439,143.4990,0,0,0,0
379.200000,1.127808,62.2913,144.1244,0,0,0,0
379.300000,1.126574,62.1369,143.8465,0,0,0,0
379.400000,1.126574,62.1369,143.8465,0,0,0,0
379.500000,1.124106,61.8281,143.2906,0,0,0,0
379.600000,1.124106,61.8281,143.2906,0,0,0,0
379.700000,1.124723,61.9053,143.4295,0,0,0,0
379.800000,1.123797,61.7895,143.2211,0,0,0,0
379.900000,1.127499,62.2527,144.0549,0,0,0,0
380.000000,1.126265,62.0983,143.7770,0,0,0,0
380.100000,1.128116,62.3299,144.1939,0,0,0,0
380.200000,1.124414,61.8667,143.3600,0,0,0,0
380.300000,1.123180,61.7123,143.0821,0,0,0,0
380.400000,1.124414,61.8667,143.3600,0,0,0,0
380.500000,1.123489,61.7509,143.1516,0,0,0,0
380.600000,1.126882,62.1755,143.9159,0,0,0,0
380.700000,1.125031,61.9439,143.4990,0,0,0,0
380.800000,1.122563,61.6351,142.9431,0,0,0,0
380.900000,1.123489,61.7509,143.1516,0,0,0,0
381.000000,1.125031,61.9439,143.4990,0,0,0,0
381.100000,1.125340,61.9825,143.5685,0,0,0,0
381.200000,1.125031,61.9439,143.4990,0,0,0,0
381.300000,1.125031,61.9439,143.4990,0,0,0,0
381.400000,1.124414,61.8667,143.3600,0,0,0,0
381.500000,1.124106,61.8281,143.2906,0,0,0,0
381.600000,1.125957,62.0597,143.7075,0,0,0,0
381.700000,1.125340,61.9825,143.5685,0,0,0,0
381.800000,1.125648,62.0211,143.6380,0,0,0,0
381.900000,1.124414,61.8667,143.3600,0,0,0,0
382.000000,1.125031,61.9439,143.4990,0,0,0,0
382.100000,1.124106,61.8281,143.2906,0,0,0,0
382.200000,1.125648,62.0211,143.6380,0,0,0,0
382.300000,1.124414,61.8667,143.3600,0,0,0,0
382.400000,1.125340,61.9825,143.5685,0,0,0,0
382.500000,1.125340,61.9825,143.5685,0,0,0,0
382.600000,1.124106,61.8281,143.2906,0,0,0,0
382.700000,1.125031,61.9439,143.4990,0,0,0,0
382.800000,1.125031,61.9439,143.4990,0,0,0,0
382.900000,1.125031,61.9439,143.4990,0,0,0,0
383.000000,1.124106,61.8281,143.2906,0,0,0,0
383.100000,1.125648,62.0211,143.6380,0,0,0,0
383.200000,1.125340,61.9825,143.5685,0,0,0,0
383.300000,1.123489,61.7509,143.1516,0,0,0,0
383.400000,1.125031,61.9439,143.4990,0,0,0,0
383.500000,1.125957,62.0597,143.7075,0,0,0,0
383.600000,1.122871,61.6737,143.0126,0,0,0,0
383.700000,1.125340,61.9825,143.5685,0,0,0,0
383.800000,1.123489,61.7509,143.1516,0,0,0,0
383.900000,1.123180,61.7123,143.0821,0,0,0,0
384.000000,1.124723,61.9053,143.4295,0,0,0,0
384.100000,1.126265,62.0983,143.7770,0,0,0,0
384.200000,1.122871,61.6737,143.0126,0,0,0,0
384.300000,1.123797,61.7895,143.2211,0,0,0,0
384.400000,1.123489,61.7509,143.1516,0,0,0,0
384.500000,1.122254,61.5965,142.8736,0,0,0,0
384.600000,1.124723,61.9053,143.4295,0,0,0,0
384.700000,1.124723,61.9053,143.4295,0,0,0,0
384.800000,1.121946,61.5579,142.8042,0,0,0,0
384.900000,1.122254,61.5965,142.8736,0,0,0,0
385.000000,1.121946,61.5579,142.8042,0,0,0,0
385.100000,1.121637,61.5193,142.7347,0,0,0,0
385.200000,1.121329,61.4807,142.6652,0,0,0,0
385.300000,1.122254,61.5965,142.8736,0,0,0,0
385.400000,1.121946,61.5579,142.8042,0,0,0,0
385.500000,1.124414,61.8667,143.3600,0,0,0,0
385.600000,1.122254,61.5965,142.8736,0,0,0,0
385.700000,1.121637,61.5193,142.7347,0,0,0,0
385.800000,1.121946,61.5579,142.8042,0,0,0,0
385.900000,1.120403,61.3648,142.4567,0,0,0,0
386.000000,1.121020,61.4421,142.5957,0,0,0,0
386.100000,1.120712,61.4035,142.5262,0,0,0,0
386.200000,1.121637,61.5193,142.7347,0,0,0,0
386.300000,1.121020,61.4421,142.5957,0,0,0,0
386.400000,1.121020,61.4421,142.5957,0,0,0,0
386.500000,1.120712,61.4035,142.5262,0,0,0,0
386.600000,1.120403,61.3648,142.4567,0,0,0,0
386.700000,1.121637,61.5193,142.7347,0,0,0,0
386.800000,1.121329,61.4807,142.6652,0,0,0,0
386.900000,1.121637,61.5193,142.7347,0,0,0,0
387.000000,1.120095,61.3262,142.3872,0,0,0,0
387.100000,1.120095,61.3262,142.3872,0,0,0,0
387.200000,1.120403,61.3648,142.4567,0,0,0,0
387.300000,1.119478,61.2490,142.2483,0,0,0,0
387.400000,1.120095,61.3262,142.3872,0,0,0,0
387.500000,1.118552,61.1332,142.0398,0,0,0,0
387.600000,1.120095,61.3262,142.3872,0,0,0,0
387.700000,1.118552,61.1332,142.0398,0,0,0,0
387.800000,1.120095,61.3262,142.3872,0,0,0,0
387.900000,1.119478,61.2490,142.2483,0,0,0,0
388.000000,1.120403,61.3648,142.4567,0,0,0,0
388.100000,1.118861,61.1718,142.1093,0,0,0,0
388.200000,1.121329,61.4807,142.6652,0,0,0,0
388.300000,1.120403,61.3648,142.4567,0,0,0,0
388.400000,1.120712,61.4035,142.5262,0,0,0,0
388.500000,1.119478,61.2490,142.2483,0,0,0,0
388.600000,1.119786,61.2876,142.3178,0,0,0,0
388.700000,1.119169,61.2104,142.1788,0,0,0,0
388.800000,1.123180,61.7123,143.0821,0,0,0,0
388.900000,1.123797,61.7895,143.2211,0,0,0,0
389.000000,1.120403,61.3648,142.4567,0,0,0,0
389.100000,1.119169,61.2104,142.1788,0,0,0,0
389.200000,1.122563,61.6351,142.9431,0,0,0,0
389.300000,1.122254,61.5965,142.8736,0,0,0,0
389.400000,1.121637,61.5193,142.7347,0,0,0,0
389.500000,1.120095,61.3262,142.3872,0,0,0,0
389.600000,1.119786,61.2876,142.3178,0,0,0,0
389.700000,1.120712,61.4035,142.5262,0,0,0,0
389.800000,1.121946,61.5579,142.8042,0,0,0,0
389.900000,1.119169,61.2104,142.1788,0,0,0,0
390.000000,1.119169,61.2104,142.1788,0,0,0,0
390.100000,1.118861,61.1718,142.1093,0,0,0,0
390.200000,1.121329,61.4807,142.6652,0,0,0,0
390.300000,1.120095,61.3262,142.3872,0,0,0,0
390.400000,1.121637,61.5193,142.7347,0,0,0,0
390.500000,1.117935,61.0560,141.9008,0,0,0,0
390.600000,1.119169,61.2104,142.1788,0,0,0,0
390.700000,1.119786,61.2876,142.3178,0,0,0,0
390.800000,1.119169,61.2104,142.1788,0,0,0,0
390.900000,1.120095,61.3262,142.3872,0,0,0,0
391.000000,1.118244,61.0946,141.9703,0,0,0,0
391.100000,1.119478,61.2490,142.2483,0,0,0,0
391.200000,1.117626,61.0174,141.8313,0,0,0,0
391.300000,1.120712,61.4035,142.5262,0,0,0,0
391.400000,1.119478,61.2490,142.2483,0,0,0,0
391.500000,1.119786,61.2876,142.3178,0,0,0,0
391.600000,1.119478,61.2490,142.2483,0,0,0,0
391.700000,1.121946,61.5579,142.8042,0,0,0,0
391.800000,1.121020,61.4421,142.5957,0,0,0,0
391.900000,1.122871,61.6737,143.0126,0,0,0,0
392.000000,1.120403,61.3648,142.4567,0,0,0,0
392.100000,1.117626,61.0174,141.8313,0,0,0,0
392.200000,1.119169,61.2104,142.1788,0,0,0,0
392.300000,1.120712,61.4035,142.5262,0,0,0,0
392.400000,1.122563,61.6351,142.9431,0,0,0,0
392.500000,1.122563,61.6351,142.9431,0,0,0,0
392.600000,1.118861,61.1718,142.1093,0,0,0,0
392.700000,1.118861,61.1718,142.1093,0,0,0,0
392.800000,1.118244,61.0946,141.9703,0,0,0,0
392.900000,1.119169,61.2104,142.1788,0,0,0,0
393.000000,1.118861,61.1718,142.1093,0,0,0,0
393.100000,1.117935,61.0560,141.9008,0,0,0,0
393.200000,1.119169,61.2104,142.1788,0,0,0,0
393.300000,1.119786,61.2876,142.3178,0,0,0,0
393.400000,1.118861,61.1718,142.1093,0,0,0,0
393.500000,1.119786,61.2876,142.3178,0,0,0,0
393.600000,1.119169,61.2104,142.1788,0,0,0,0
393.700000,1.117009,60.9402,141.6924,0,0,0,0
393.800000,1.118861,61.1718,142.1093,0,0,0,0
393.900000,1.117935,61.0560,141.9008,0,0,0,0
394.000000,1.118552,61.1332,142.0398,0,0,0,0
394.100000,1.118861,61.1718,142.1093,0,0,0,0
394.200000,1.117318,60.9788,141.7619,0,0,0,0
394.300000,1.118552,61.1332,142.0398,0,0,0,0
394.400000,1.119786,61.2876,142.3178,0,0,0,0
394.500000,1.118552,61.1332,142.0398,0,0,0,0
394.600000,1.118861,61.1718,142.1093,0,0,0,0
394.700000,1.120095,61.3262,142.3872,0,0,0,0
394.800000,1.114850,60.6700,141.2060,0,0,0,0
394.900000,1.119478,61.2490,142.2483,0,0,0,0
395.000000,1.119169,61.2104,142.1788,0,0,0,0
395.100000,1.117935,61.0560,141.9008,0,0,0,0
395.200000,1.119169,61.2104,142.1788,0,0,0,0
395.300000,1.118861,61.1718,142.1093,0,0,0,0
395.400000,1.118244,61.0946,141.9703,0,0,0,0
395.500000,1.117626,61.0174,141.8313,0,0,0,0
395.600000,1.118552,61.1332,142.0398,0,0,0,0
395.700000,1.117009,60.9402,141.6924,0,0,0,0
395.800000,1.118244,61.0946,141.9703,0,0,0,0
395.900000,1.118244,61.0946,141.9703,0,0,0,0
396.000000,1.117626,61.0174,141.8313,0,0,0,0
396.100000,1.119786,61.2876,142.3178,0,0,0,0
396.200000,1.118552,61.1332,142.0398,0,0,0,0
396.300000,1.117935,61.0560,141.9008,0,0,0,0
396.400000,1.118861,61.1718,142.1093,0,0,0,0
396.500000,1.119169,61.2104,142.1788,0,0,0,0
396.600000,1.119786,61.2876,142.3178,0,0,0,0
396.700000,1.117009,60.9402,141.6924,0,0,0,0
396.800000,1.118244,61.0946,141.9703,0,0,0,0
396.900000,1.119478,61.2490,142.2483,0,0,0,0
397.000000,1.118552,61.1332,142.0398,0,0,0,0
397.100000,1.118861,61.1718,142.1093,0,0,0,0
397.200000,1.119786,61.2876,142.3178,0,0,0,0
397.300000,1.120403,61.3648,142.4567,0,0,0,0
397.400000,1.118244,61.0946,141.9703,0,0,0,0
397.500000,1.119478,61.2490,142.2483,0,0,0,0
397.600000,1.119169,61.2104,142.1788,0,0,0,0
397.700000,1.117935,61.0560,141.9008,0,0,0,0
397.800000,1.120095,61.3262,142.3872,0,0,0,0
397.900000,1.120095,61.3262,142.3872,0,0,0,0
398.000000,1.118552,61.1332,142.0398,0,0,0,0
398.100000,1.119169,61.2104,142.1788,0,0,0,0
398.200000,1.119169,61.2104,142.1788,0,0,0,0
398.300000,1.119786,61.2876,142.3178,0,0,0,0
398.400000,1.120095,61.3262,142.3872,0,0,0,0
398.500000,1.119786,61.2876,142.3178,0,0,0,0
398.600000,1.120403,61.3648,142.4567,0,0,0,0
398.700000,1.119478,61.2490,142.2483,0,0,0,0
398.800000,1.119786,61.2876,142.3178,0,0,0,0
398.900000,1.118552,61.1332,142.0398,0,0,0,0
399.000000,1.121020,61.4421,142.5957,0,0,0,0
399.100000,1.118552,61.1332,142.0398,0,0,0,0
399.200000,1.120095,61.3262,142.3872,0,0,0,0
399.300000,1.117935,61.0560,141.9008,0,0,0,0
399.400000,1.120095,61.3262,142.3872,0,0,0,0
399.500000,1.119478,61.2490,142.2483,0,0,0,0
399.600000,1.119786,61.2876,142.3178,0,0,0,0
399.700000,1.119169,61.2104,142.1788,0,0,0,0
399.800000,1.120403,61.3648,142.4567,0,0,0,0
399.900000,1.119786,61.2876,142.3178,0,0,0,0
400.000000,1.120403,61.3648,142.4567,0,0,0,0
400.100000,1.118861,61.1718,142.1093,0,0,0,0
400.200000,1.122563,61.6351,142.9431,0,0,0,0
400.300000,1.119786,61.2876,142.3178,0,0,0,0
400.400000,1.121020,61.4421,142.5957,0,0,0,0
400.500000,1.119786,61.2876,142.3178,0,0,0,0
400.600000,1.120095,61.3262,142.3872,0,0,0,0
400.700000,1.121020,61.4421,142.5957,0,0,0,0
400.800000,1.119786,61.2876,142.3178,0,0,0,0
400.900000,1.120095,61.3262,142.3872,0,0,0,0
401.000000,1.120095,61.3262,142.3872,0,0,0,0
401.100000,1.120403,61.3648,142.4567,0,0,0,0
401.200000,1.120712,61.4035,142.5262,0,0,0,0
401.300000,1.120403,61.3648,142.4567,0,0,0,0
401.400000,1.119169,61.2104,142.1788,0,0,0,0
401.500000,1.119169,61.2104,142.1788,0,0,0,0
401.600000,1.121020,61.4421,142.5957,0,0,0,0
401.700000,1.120712,61.4035,142.5262,0,0,0,0
401.800000,1.119786,61.2876,142.3178,0,0,0,0
401.900000,1.119478,61.2490,142.2483,0,0,0,0
402.000000,1.120712,61.4035,142.5262,0,0,0,0
402.100000,1.120095,61.3262,142.3872,0,0,0,0
402.200000,1.120403,61.3648,142.4567,0,0,0,0
402.300000,1.120403,61.3648,142.4567,0,0,0,0
402.400000,1.119478,61.2490,142.2483,0,0,0,0
402.500000,1.119478,61.2490,142.2483,0,0,0,0
402.600000,1.121329,61.4807,142.6652,0,0,0,0
402.700000,1.120712,61.4035,142.5262,0,0,0,0
402.800000,1.120095,61.3262,142.3872,0,0,0,0
402.900000,1.119169,61.2104,142.1788,0,0,0,0
403.000000,1.120403,61.3648,142.4567,0,0,0,0
403.100000,1.121020,61.4421,142.5957,0,0,0,0
403.200000,1.121020,61.4421,142.5957,0,0,0,0
403.300000,1.121020,61.4421,142.5957,0,0,0,0
403.400000,1.120403,61.3648,142.4567,0,0,0,0
403.500000,1.119169,61.2104,142.1788,0,0,0,0
403.600000,1.119169,61.2104,142.1788,0,0,0,0
403.700000,1.119478,61.2490,142.2483,0,0,0,0
403.800000,1.119169,61.2104,142.1788,0,0,0,0
403.900000,1.120403,61.3648,142.4567,0,0,0,0
404.000000,1.120403,61.3648,142.4567,0,0,0,0
404.100000,1.119786,61.2876,142.3178,0,0,0,0
404.200000,1.118552,61.1332,142.0398,0,0,0,0
404.300000,1.120712,61.4035,142.5262,0,0,0,0
404.400000,1.120712,61.4035,142.5262,0,0,0,0
404.500000,1.121020,61.4421,142.5957,0,0,0,0
404.600000,1.120095,61.3262,142.3872,0,0,0,0
404.700000,1.120403,61.3648,142.4567,0,0,0,0
404.800000,1.121637,61.5193,142.7347,0,0,0,0
404.900000,1.120095,61.3262,142.3872,0,0,0,0
405.000000,1.119478,61.2490,142.2483,0,0,0,0
405.100000,1.120403,61.3648,142.4567,0,0,0,0
405.200000,1.121020,61.4421,142.5957,0,0,0,0
405.300000,1.120403,61.3648,142.4567,0,0,0,0
405.400000,1.120712,61.4035,142.5262,0,0,0,0
405.500000,1.120095,61.3262,142.3872,0,0,0,0
405.600000,1.119478,61.2490,142.2483,0,0,0,0
405.700000,1.120403,61.3648,142.4567,0,0,0,0
405.800000,1.121329,61.4807,142.6652,0,0,0,0
405.900000,1.121946,61.5579,142.8042,0,0,0,0
406.000000,1.120712,61.4035,142.5262,0,0,0,0
406.100000,1.120712,61.4035,142.5262,0,0,0,0
406.200000,1.120095,61.3262,142.3872,0,0,0,0
406.300000,1.119786,61.2876,142.3178,0,0,0,0
406.400000,1.120095,61.3262,142.3872,0,0,0,0
406.500000,1.119169,61.2104,142.1788,0,0,0,0
406.600000,1.119169,61.2104,142.1788,0,0,0,0
406.700000,1.120712,61.4035,142.5262,0,0,0,0
406.800000,1.121329,61.4807,142.6652,0,0,0,0
406.900000,1.121637,61.5193,142.7347,0,0,0,0
407.000000,1.121637,61.5193,142.7347,0,0,0,0
407.100000,1.121020,61.4421,142.5957,0,0,0,0
407.200000,1.121020,61.4421,142.5957,0,0,0,0
407.300000,1.119169,61.2104,142.1788,0,0,0,0
407.400000,1.119169,61.2104,142.1788,0,0,0,0
407.500000,1.119786,61.2876,142.3178,0,0,0,0
407.600000,1.120403,61.3648,142.4567,0,0,0,0
407.700000,1.122254,61.5965,142.8736,0,0,0,0
407.800000,1.120712,61.4035,142.5262,0,0,0,0
407.900000,1.120403,61.3648,142.4567,0,0,0,0
408.000000,1.120403,61.3648,142.4567,0,0,0,0
408.100000,1.121020,61.4421,142.5957,0,0,0,0
408.200000,1.120403,61.3648,142.4567,0,0,0,0
408.300000,1.119786,61.2876,142.3178,0,0,0,0
408.400000,1.119786,61.2876,142.3178,0,0,0,0
408.500000,1.118861,61.1718,142.1093,0,0,0,0
408.600000,1.119478,61.2490,142.2483,0,0,0,0
408.700000,1.120712,61.4035,142.5262,0,0,0,0
408.800000,1.120712,61.4035,142.5262,0,0,0,0
408.900000,1.121020,61.4421,142.5957,0,0,0,0
409.000000,1.121020,61.4421,142.5957,0,0,0,0
409.100000,1.120712,61.4035,142.5262,0,0,0,0
409.200000,1.120403,61.3648,142.4567,0,0,0,0
409.300000,1.120095,61.3262,142.3872,0,0,0,0
409.400000,1.119786,61.2876,142.3178,0,0,0,0
409.500000,1.120712,61.4035,142.5262,0,0,0,0
409.600000,1.121020,61.4421,142.5957,0,0,0,0
409.700000,1.120403,61.3648,142.4567,0,0,0,0
409.800000,1.119786,61.2876,142.3178,0,0,0,0
409.900000,1.120403,61.3648,142.4567,0,0,0,0
410.000000,1.119478,61.2490,142.2483,0,0,0,0
410.100000,1.119786,61.2876,142.3178,0,0,0,0
410.200000,1.121020,61.4421,142.5957,0,0,0,0
410.300000,1.121020,61.4421,142.5957,0,0,0,0
410.400000,1.120095,61.3262,142.3872,0,0,0,0
410.500000,1.120095,61.3262,142.3872,0,0,0,0
410.600000,1.120095,61.3262,142.3872,0,0,0,0
410.700000,1.121020,61.4421,142.5957,0,0,0,0
410.800000,1.121329,61.4807,142.6652,0,0,0,0
410.900000,1.120095,61.3262,142.3872,0,0,0,0
411.000000,1.120095,61.3262,142.3872,0,0,0,0
411.100000,1.120712,61.4035,142.5262,0,0,0,0
411.200000,1.121020,61.4421,142.5957,0,0,0,0
411.300000,1.120712,61.4035,142.5262,0,0,0,0
411.400000,1.119786,61.2876,142.3178,0,0,0,0
411.500000,1.118861,61.1718,142.1093,0,0,0,0
411.600000,1.118244,61.0946,141.9703,0,0,0,0
411.700000,1.118861,61.1718,142.1093,0,0,0,0
411.800000,1.117318,60.9788,141.7619,0,0,0,0
411.900000,1.117626,61.0174,141.8313,0,0,0,0
412.000000,1.117935,61.0560,141.9008,0,0,0,0
412.100000,1.118244,61.0946,141.9703,0,0,0,0
412.200000,1.118552,61.1332,142.0398,0,0,0,0
412.300000,1.117935,61.0560,141.9008,0,0,0,0
412.400000,1.117318,60.9788,141.7619,0,0,0,0
412.500000,1.117626,61.0174,141.8313,0,0,0,0
412.600000,1.117626,61.0174,141.8313,0,0,0,0
412.700000,1.117935,61.0560,141.9008,0,0,0,0
412.800000,1.117626,61.0174,141.8313,0,0,0,0
412.900000,1.118552,61.1332,142.0398,0,0,0,0
413.000000,1.118861,61.1718,142.1093,0,0,0,0
413.100000,1.118552,61.1332,142.0398,0,0,0,0
413.200000,1.118244,61.0946,141.9703,0,0,0,0
413.300000,1.119169,61.2104,142.1788,0,0,0,0
413.400000,1.119786,61.2876,142.3178,0,0,0,0
413.500000,1.118861,61.1718,142.1093,0,0,0,0
413.600000,1.118861,61.1718,142.1093,0,0,0,0
413.700000,1.118861,61.1718,142.1093,0,0,0,0
413.800000,1.118244,61.0946,141.9703,0,0,0,0
413.900000,1.119786,61.2876,142.3178,0,0,0,0
414.000000,1.118552,61.1332,142.0398,0,0,0,0
414.100000,1.118552,61.1332,142.0398,0,0,0,0
414.200000,1.119478,61.2490,142.2483,0,0,0,0
414.300000,1.118552,61.1332,142.0398,0,0,0,0
414.400000,1.118552,61.1332,142.0398,0,0,0,0
414.500000,1.118552,61.1332,142.0398,0,0,0,0
414.600000,1.118861,61.1718,142.1093,0,0,0,0
414.700000,1.118861,61.1718,142.1093,0,0,0,0
414.800000,1.118244,61.0946,141.9703,0,0,0,0
414.900000,1.118552,61.1332,142.0398,0,0,0,0
415.000000,1.118244,61.0946,141.9703,0,0,0,0
415.100000,1.118552,61.1332,142.0398,0,0,0,0
415.200000,1.118552,61.1332,142.0398,0,0,0,0
415.300000,1.118244,61.0946,141.9703,0,0,0,0
415.400000,1.117935,61.0560,141.9008,0,0,0,0
415.500000,1.117935,61.0560,141.9008,0,0,0,0
415.600000,1.117009,60.9402,141.6924,0,0,0,0
415.700000,1.117318,60.9788,141.7619,0,0,0,0
415.800000,1.118552,61.1332,142.0398,0,0,0,0
415.900000,1.119169,61.2104,142.1788,0,0,0,0
416.000000,1.118861,61.1718,142.1093,0,0,0,0
416.100000,1.118552,61.1332,142.0398,0,0,0,0
416.200000,1.118552,61.1332,142.0398,0,0,0,0
416.300000,1.118244,61.0946,141.9703,0,0,0,0
416.400000,1.120095,61.3262,142.3872,0,0,0,0
416.500000,1.118244,61.0946,141.9703,0,0,0,0
416.600000,1.118244,61.0946,141.9703,0,0,0,0
416.700000,1.118552,61.1332,142.0398,0,0,0,0
416.800000,1.119786,61.2876,142.3178,0,0,0,0
416.900000,1.118244,61.0946,141.9703,0,0,0,0
417.000000,1.118552,61.1332,142.0398,0,0,0,0
417.100000,1.119478,61.2490,142.2483,0,0,0,0
417.200000,1.118552,61.1332,142.0398,0,0,0,0
417.300000,1.117935,61.0560,141.9008,0,0,0,0
417.400000,1.118552,61.1332,142.0398,0,0,0,0
417.500000,1.119169,61.2104,142.1788,0,0,0,0
417.600000,1.120403,61.3648,142.4567,0,0,0,0
417.700000,1.118861,61.1718,142.1093,0,0,0,0
417.800000,1.117935,61.0560,141.9008,0,0,0,0
417.900000,1.119169,61.2104,142.1788,0,0,0,0
418.000000,1.118552,61.1332,142.0398,0,0,0,0
418.100000,1.116392,60.8630,141.5534,0,0,0,0
418.200000,1.119786,61.2876,142.3178,0,0,0,0
418.300000,1.117626,61.0174,141.8313,0,0,0,0
418.400000,1.119478,61.2490,142.2483,0,0,0,0
418.500000,1.118861,61.1718,142.1093,0,0,0,0
418.600000,1.118552,61.1332,142.0398,0,0,0,0
418.700000,1.119169,61.2104,142.1788,0,0,0,0
418.800000,1.119478,61.2490,142.2483,0,0,0,0
418.900000,1.118244,61.0946,141.9703,0,0,0,0
419.000000,1.117935,61.0560,141.9008,0,0,0,0
419.100000,1.119478,61.2490,142.2483,0,0,0,0
419.200000,1.118244,61.0946,141.9703,0,0,0,0
419.300000,1.118552,61.1332,142.0398,0,0,0,0
419.400000,1.117318,60.9788,141.7619,0,0,0,0
419.500000,1.117626,61.0174,141.8313,0,0,0,0
419.600000,1.118861,61.1718,142.1093,0,0,0,0
419.700000,1.119169,61.2104,142.1788,0,0,0,0
419.800000,1.119169,61.2104,142.1788,0,0,0,0
419.900000,1.120403,61.3648,142.4567,0,0,0,0
420.000000,1.119478,61.2490,142.2483,0,0,0,0
420.100000,1.119786,61.2876,142.3178,0,0,0,0
420.200000,1.118552,61.1332,142.0398,0,0,0,0
420.300000,1.117009,60.9402,141.6924,0,0,0,0
420.400000,1.119786,61.2876,142.3178,0,0,0,0
420.500000,1.119478,61.2490,142.2483,0,0,0,0
420.600000,1.118552,61.1332,142.0398,0,0,0,0
420.700000,1.118861,61.1718,142.1093,0,0,0,0
420.800000,1.119786,61.2876,142.3178,0,0,0,0
420.900000,1.117935,61.0560,141.9008,0,0,0,0
421.000000,1.117935,61.0560,141.9008,0,0,0,0
421.100000,1.118244,61.0946,141.9703,0,0,0,0
421.200000,1.119169,61.2104,142.1788,0,0,0,0
421.300000,1.118552,61.1332,142.0398,0,0,0,0
421.400000,1.118861,61.1718,142.1093,0,0,0,0
421.500000,1.118244,61.0946,141.9703,0,0,0,0
421.600000,1.118861,61.1718,142.1093,0,0,0,0
421.700000,1.118861,61.1718,142.1093,0,0,0,0
421.800000,1.118552,61.1332,142.0398,0,0,0,0
421.900000,1.119786,61.2876,142.3178,0,0,0,0
422.000000,1.119169,61.2104,142.1788,0,0,0,0
422.100000,1.120403,61.3648,142.4567,0,0,0,0
422.200000,1.118244,61.0946,141.9703,0,0,0,0
422.300000,1.119478,61.2490,142.2483,0,0,0,0
422.400000,1.119786,61.2876,142.3178,0,0,0,0
422.500000,1.119786,61.2876,142.3178,0,0,0,0
422.600000,1.119478,61.2490,142.2483,0,0,0,0
422.700000,1.119169,61.2104,142.1788,0,0,0,0
422.800000,1.119478,61.2490,142.2483,0,0,0,0
422.900000,1.118552,61.1332,142.0398,0,0,0,0
423.000000,1.119478,61.2490,142.2483,0,0,0,0
423.100000,1.118244,61.0946,141.9703,0,0,0,0
423.200000,1.117626,61.0174,141.8313,0,0,0,0
423.300000,1.117626,61.0174,141.8313,0,0,0,0
423.400000,1.118861,61.1718,142.1093,0,0,0,0
423.500000,1.120403,61.3648,142.4567,0,0,0,0
423.600000,1.119169,61.2104,142.1788,0,0,0,0
423.700000,1.118552,61.1332,142.0398,0,0,0,0
423.800000,1.118861,61.1718,142.1093,0,0,0,0
423.900000,1.118552,61.1332,142.0398,0,0,0,0
424.000000,1.119786,61.2876,142.3178,0,0,0,0
424.100000,1.120095,61.3262,142.3872,0,0,0,0
424.200000,1.119169,61.2104,142.1788,0,0,0,0
424.300000,1.117626,61.0174,141.8313,0,0,0,0
424.400000,1.117626,61.0174,141.8313,0,0,0,0
424.500000,1.118244,61.0946,141.9703,0,0,0,0
424.600000,1.119478,61.2490,142.2483,0,0,0,0
424.700000,1.118244,61.0946,141.9703,0,0,0,0
424.800000,1.118552,61.1332,142.0398,0,0,0,0
424.900000,1.117626,61.0174,141.8313,0,0,0,0
425.000000,1.119169,61.2104,142.1788,0,0,0,0
425.100000,1.118552,61.1332,142.0398,0,0,0,0
425.200000,1.117935,61.0560,141.9008,0,0,0,0
425.300000,1.119786,61.2876,142.3178,0,0,0,0
425.400000,1.118244,61.0946,141.9703,0,0,0,0
425.500000,1.119478,61.2490,142.2483,0,0,0,0
425.600000,1.120095,61.3262,142.3872,0,0,0,0
425.700000,1.119478,61.2490,142.2483,0,0,0,0
425.800000,1.119478,61.2490,142.2483,0,0,0,0
425.900000,1.117318,60.9788,141.7619,0,0,0,0
426.000000,1.118861,61.1718,142.1093,0,0,0,0
426.100000,1.118552,61.1332,142.0398,0,0,0,0
426.200000,1.118861,61.1718,142.1093,0,0,0,0
426.300000,1.119478,61.2490,142.2483,0,0,0,0
426.400000,1.117318,60.9788,141.7619,0,0,0,0
426.500000,1.117935,61.0560,141.9008,0,0,0,0
426.600000,1.116392,60.8630,141.5534,0,0,0,0
426.700000,1.117935,61.0560,141.9008,0,0,0,0
426.800000,1.115467,60.7472,141.3450,0,0,0,0
426.900000,1.117318,60.9788,141.7619,0,0,0,0
427.000000,1.117626,61.0174,141.8313,0,0,0,0
427.100000,1.118244,61.0946,141.9703,0,0,0,0
427.200000,1.117935,61.0560,141.9008,0,0,0,0
427.300000,1.117626,61.0174,141.8313,0,0,0,0
427.400000,1.119478,61.2490,142.2483,0,0,0,0
427.500000,1.118244,61.0946,141.9703,0,0,0,0
427.600000,1.118861,61.1718,142.1093,0,0,0,0
427.700000,1.117626,61.0174,141.8313,0,0,0,0
427.800000,1.117318,60.9788,141.7619,0,0,0,0
427.900000,1.117009,60.9402,141.6924,0,0,0,0
428.000000,1.117935,61.0560,141.9008,0,0,0,0
428.100000,1.118552,61.1332,142.0398,0,0,0,0
428.200000,1.116392,60.8630,141.5534,0,0,0,0
428.300000,1.117318,60.9788,141.7619,0,0,0,0
428.400000,1.118244,61.0946,141.9703,0,0,0,0
428.500000,1.117935,61.0560,141.9008,0,0,0,0
428.600000,1.117318,60.9788,141.7619,0,0,0,0
428.700000,1.117935,61.0560,141.9008,0,0,0,0
428.800000,1.117935,61.0560,141.9008,0,0,0,0
428.900000,1.118244,61.0946,141.9703,0,0,0,0
429.000000,1.117318,60.9788,141.7619,0,0,0,0
429.100000,1.118244,61.0946,141.9703,0,0,0,0
429.200000,1.117318,60.9788,141.7619,0,0,0,0
429.300000,1.117626,61.0174,141.8313,0,0,0,0
429.400000,1.117318,60.9788,141.7619,0,0,0,0
429.500000,1.117009,60.9402,141.6924,0,0,0,0
429.600000,1.117626,61.0174,141.8313,0,0,0,0
429.700000,1.117935,61.0560,141.9008,0,0,0,0
429.800000,1.116392,60.8630,141.5534,0,0,0,0
429.900000,1.117935,61.0560,141.9008,0,0,0,0
430.000000,1.117626,61.0174,141.8313,0,0,0,0
430.100000,1.117626,61.0174,141.8313,0,0,0,0
430.200000,1.115775,60.7858,141.4145,0,0,0,0
430.300000,1.118244,61.0946,141.9703,0,0,0,0
430.400000,1.117626,61.0174,141.8313,0,0,0,0
430.500000,1.117935,61.0560,141.9008,0,0,0,0
430.600000,1.116084,60.8244,141.4839,0,0,0,0
430.700000,1.118244,61.0946,141.9703,0,0,0,0
430.800000,1.118244,61.0946,141.9703,0,0,0,0
430.900000,1.118861,61.1718,142.1093,0,0,0,0
431.000000,1.118244,61.0946,141.9703,0,0,0,0
431.100000,1.118244,61.0946,141.9703,0,0,0,0
431.200000,1.118861,61.1718,142.1093,0,0,0,0
431.300000,1.118861,61.1718,142.1093,0,0,0,0
431.400000,1.117626,61.0174,141.8313,0,0,0,0
431.500000,1.118861,61.1718,142.1093,0,0,0,0
431.600000,1.118552,61.1332,142.0398,0,0,0,0
431.700000,1.118552,61.1332,142.0398,0,0,0,0
431.800000,1.118552,61.1332,142.0398,0,0,0,0
431.900000,1.118552,61.1332,142.0398,0,0,0,0
432.000000,1.118861,61.1718,142.1093,0,0,0,0
432.100000,1.116084,60.8244,141.4839,0,0,0,0
432.200000,1.117009,60.9402,141.6924,0,0,0,0
432.300000,1.117626,61.0174,141.8313,0,0,0,0
432.400000,1.117935,61.0560,141.9008,0,0,0,0
432.500000,1.117318,60.9788,141.7619,0,0,0,0
432.600000,1.118244,61.0946,141.9703,0,0,0,0
432.700000,1.117626,61.0174,141.8313,0,0,0,0
432.800000,1.118552,61.1332,142.0398,0,0,0,0
432.900000,1.117935,61.0560,141.9008,0,0,0,0
433.000000,1.119169,61.2104,142.1788,0,0,0,0
433.100000,1.117935,61.0560,141.9008,0,0,0,0
433.200000,1.117009,60.9402,141.6924,0,0,0,0
433.300000,1.117626,61.0174,141.8313,0,0,0,0
433.400000,1.119169,61.2104,142.1788,0,0,0,0
433.500000,1.121020,61.4421,142.5957,0,0,0,0
433.600000,1.118861,61.1718,142.1093,0,0,0,0
433.700000,1.117009,60.9402,141.6924,0,0,0,0
433.800000,1.117626,61.0174,141.8313,0,0,0,0
433.900000,1.116392,60.8630,141.5534,0,0,0,0
434.000000,1.117626,61.0174,141.8313,0,0,0,0
434.100000,1.115775,60.7858,141.4145,0,0,0,0
434.200000,1.115467,60.7472,141.3450,0,0,0,0
434.300000,1.117935,61.0560,141.9008,0,0,0,0
434.400000,1.118552,61.1332,142.0398,0,0,0,0
434.500000,1.117626,61.0174,141.8313,0,0,0,0
434.600000,1.117009,60.9402,141.6924,0,0,0,0
434.700000,1.117935,61.0560,141.9008,0,0,0,0
434.800000,1.117626,61.0174,141.8313,0,0,0,0
434.900000,1.116701,60.9016,141.6229,0,0,0,0
435.000000,1.117318,60.9788,141.7619,0,0,0,0
435.100000,1.117935,61.0560,141.9008,0,0,0,0
435.200000,1.115467,60.7472,141.3450,0,0,0,0
435.300000,1.116701,60.9016,141.6229,0,0,0,0
435.400000,1.117009,60.9402,141.6924,0,0,0,0
435.500000,1.116084,60.8244,141.4839,0,0,0,0
435.600000,1.117626,61.0174,141.8313,0,0,0,0
435.700000,1.118244,61.0946,141.9703,0,0,0,0
435.800000,1.117935,61.0560,141.9008,0,0,0,0
435.900000,1.116084,60.8244,141.4839,0,0,0,0
436.000000,1.116392,60.8630,141.5534,0,0,0,0
436.100000,1.117009,60.9402,141.6924,0,0,0,0
436.200000,1.116392,60.8630,141.5534,0,0,0,0
436.300000,1.115467,60.7472,141.3450,0,0,0,0
436.400000,1.115775,60.7858,141.4145,0,0,0,0
436.500000,1.116084,60.8244,141.4839,0,0,0,0
436.600000,1.117626,61.0174,141.8313,0,0,0,0
436.700000,1.117626,61.0174,141.8313,0,0,0,0
436.800000,1.117318,60.9788,141.7619,0,0,0,0
436.900000,1.115467,60.7472,141.3450,0,0,0,0
437.000000,1.117009,60.9402,141.6924,0,0,0,0
437.100000,1.117318,60.9788,141.7619,0,0,0,0
437.200000,1.115467,60.7472,141.3450,0,0,0,0
437.300000,1.115775,60.7858,141.4145,0,0,0,0
437.400000,1.115775,60.7858,141.4145,0,0,0,0
437.500000,1.114233,60.5928,141.0670,0,0,0,0
437.600000,1.115775,60.7858,141.4145,0,0,0,0
437.700000,1.115467,60.7472,141.3450,0,0,0,0
437.800000,1.114850,60.6700,141.2060,0,0,0,0
437.900000,1.116392,60.8630,141.5534,0,0,0,0
438.000000,1.115467,60.7472,141.3450,0,0,0,0
438.100000,1.115775,60.7858,141.4145,0,0,0,0
438.200000,1.117009,60.9402,141.6924,0,0,0,0
438.300000,1.115158,60.7086,141.2755,0,0,0,0
438.400000,1.115467,60.7472,141.3450,0,0,0,0
438.500000,1.115775,60.7858,141.4145,0,0,0,0
438.600000,1.117318,60.9788,141.7619,0,0,0,0
438.700000,1.115158,60.7086,141.2755,0,0,0,0
438.800000,1.115467,60.7472,141.3450,0,0,0,0
438.900000,1.116392,60.8630,141.5534,0,0,0,0
439.000000,1.116084,60.8244,141.4839,0,0,0,0
439.100000,1.114541,60.6314,141.1365,0,0,0,0
439.200000,1.115467,60.7472,141.3450,0,0,0,0
439.300000,1.114850,60.6700,141.2060,0,0,0,0
439.400000,1.115158,60.7086,141.2755,0,0,0,0
439.500000,1.114850,60.6700,141.2060,0,0,0,0
439.600000,1.115158,60.7086,141.2755,0,0,0,0
439.700000,1.116084,60.8244,141.4839,0,0,0,0
439.800000,1.116084,60.8244,141.4839,0,0,0,0
439.900000,1.115467,60.7472,141.3450,0,0,0,0
440.000000,1.115467,60.7472,141.3450,0,0,0,0
440.100000,1.114233,60.5928,141.0670,0,0,0,0
440.200000,1.116701,60.9016,141.6229,0,0,0,0
440.300000,1.115467,60.7472,141.3450,0,0,0,0
440.400000,1.114233,60.5928,141.0670,0,0,0,0
440.500000,1.114850,60.6700,141.2060,0,0,0,0
440.600000,1.114850,60.6700,141.2060,0,0,0,0
440.700000,1.112999,60.4384,140.7891,0,0,0,0
440.800000,1.114541,60.6314,141.1365,0,0,0,0
440.900000,1.114541,60.6314,141.1365,0,0,0,0
441.000000,1.112999,60.4384,140.7891,0,0,0,0
441.100000,1.115158,60.7086,141.2755,0,0,0,0
441.200000,1.115467,60.7472,141.3450,0,0,0,0
441.300000,1.113924,60.5542,140.9975,0,0,0,0
441.400000,1.115158,60.7086,141.2755,0,0,0,0
441.500000,1.114233,60.5928,141.0670,0,0,0,0
441.600000,1.113616,60.5156,140.9281,0,0,0,0
441.700000,1.114233,60.5928,141.0670,0,0,0,0
441.800000,1.113616,60.5156,140.9281,0,0,0,0
441.900000,1.114233,60.5928,141.0670,0,0,0,0
442.000000,1.114233,60.5928,141.0670,0,0,0,0
442.100000,1.114541,60.6314,141.1365,0,0,0,0
442.200000,1.112999,60.4384,140.7891,0,0,0,0
442.300000,1.113924,60.5542,140.9975,0,0,0,0
442.400000,1.114233,60.5928,141.0670,0,0,0,0
442.500000,1.112999,60.4384,140.7891,0,0,0,0
442.600000,1.114233,60.5928,141.0670,0,0,0,0
442.700000,1.113924,60.5542,140.9975,0,0,0,0
442.800000,1.112690,60.3998,140.7196,0,0,0,0
442.900000,1.114541,60.6314,141.1365,0,0,0,0
443.000000,1.113307,60.4770,140.8586,0,0,0,0
443.100000,1.113307,60.4770,140.8586,0,0,0,0
443.200000,1.112690,60.3998,140.7196,0,0,0,0
443.300000,1.112690,60.3998,140.7196,0,0,0,0
443.400000,1.114233,60.5928,141.0670,0,0,0,0
443.500000,1.112690,60.3998,140.7196,0,0,0,0
443.600000,1.112381,60.3612,140.6501,0,0,0,0
443.700000,1.114233,60.5928,141.0670,0,0,0,0
443.800000,1.112381,60.3612,140.6501,0,0,0,0
443.900000,1.113924,60.5542,140.9975,0,0,0,0
444.000000,1.112999,60.4384,140.7891,0,0,0,0
444.100000,1.112690,60.3998,140.7196,0,0,0,0
444.200000,1.110222,60.0910,140.1637,0,0,0,0
444.300000,1.113924,60.5542,140.9975,0,0,0,0
444.400000,1.113616,60.5156,140.9281,0,0,0,0
444.500000,1.110839,60.1682,140.3027,0,0,0,0
444.600000,1.114233,60.5928,141.0670,0,0,0,0
444.700000,1.114233,60.5928,141.0670,0,0,0,0
444.800000,1.113307,60.4770,140.8586,0,0,0,0
444.900000,1.114233,60.5928,141.0670,0,0,0,0
445.000000,1.113307,60.4770,140.8586,0,0,0,0
445.100000,1.113616,60.5156,140.9281,0,0,0,0
445.200000,1.112690,60.3998,140.7196,0,0,0,0
445.300000,1.111147,60.2068,140.3722,0,0,0,0
445.400000,1.112690,60.3998,140.7196,0,0,0,0
445.500000,1.113307,60.4770,140.8586,0,0,0,0
445.600000,1.112999,60.4384,140.7891,0,0,0,0
445.700000,1.112999,60.4384,140.7891,0,0,0,0
445.800000,1.111456,60.2454,140.4417,0,0,0,0
445.900000,1.113307,60.4770,140.8586,0,0,0,0
446.000000,1.113307,60.4770,140.8586,0,0,0,0
446.100000,1.113616,60.5156,140.9281,0,0,0,0
446.200000,1.113616,60.5156,140.9281,0,0,0,0
446.300000,1.112690,60.3998,140.7196,0,0,0,0
446.400000,1.113924,60.5542,140.9975,0,0,0,0
446.500000,1.113924,60.5542,140.9975,0,0,0,0
446.600000,1.113307,60.4770,140.8586,0,0,0,0
446.700000,1.114233,60.5928,141.0670,0,0,0,0
446.800000,1.112381,60.3612,140.6501,0,0,0,0
446.900000,1.114233,60.5928,141.0670,0,0,0,0
447.000000,1.113616,60.5156,140.9281,0,0,0,0
447.100000,1.114850,60.6700,141.2060,0,0,0,0
447.200000,1.114233,60.5928,141.0670,0,0,0,0
447.300000,1.113616,60.5156,140.9281,0,0,0,0
447.400000,1.113616,60.5156,140.9281,0,0,0,0
447.500000,1.113616,60.5156,140.9281,0,0,0,0
447.600000,1.112999,60.4384,140.7891,0,0,0,0
447.700000,1.112690,60.3998,140.7196,0,0,0,0
447.800000,1.113307,60.4770,140.8586,0,0,0,0
447.900000,1.113924,60.5542,140.9975,0,0,0,0
448.000000,1.113307,60.4770,140.8586,0,0,0,0
448.100000,1.113307,60.4770,140.8586,0,0,0,0
448.200000,1.114233,60.5928,141.0670,0,0,0,0
448.300000,1.112690,60.3998,140.7196,0,0,0,0
448.400000,1.113307,60.4770,140.8586,0,0,0,0
448.500000,1.113307,60.4770,140.8586,0,0,0,0
448.600000,1.113924,60.5542,140.9975,0,0,0,0
448.700000,1.112999,60.4384,140.7891,0,0,0,0
448.800000,1.114541,60.6314,141.1365,0,0,0,0
448.900000,1.113616,60.5156,140.9281,0,0,0,0
449.000000,1.113307,60.4770,140.8586,0,0,0,0
449.100000,1.112690,60.3998,140.7196,0,0,0,0
449.200000,1.111764,60.2840,140.5111,0,0,0,0
449.300000,1.112999,60.4384,140.7891,0,0,0,0
449.400000,1.112690,60.3998,140.7196,0,0,0,0
449.500000,1.113307,60.4770,140.8586,0,0,0,0
449.600000,1.112690,60.3998,140.7196,0,0,0,0
449.700000,1.112073,60.3226,140.5806,0,0,0,0
449.800000,1.113307,60.4770,140.8586,0,0,0,0
449.900000,1.112690,60.3998,140.7196,0,0,0,0
450.000000,1.112073,60.3226,140.5806,0,0,0,0
450.100000,1.112381,60.3612,140.6501,0,0,0,0
450.200000,1.109913,60.0523,140.0942,0,0,0,0
450.300000,1.112999,60.4384,140.7891,0,0,0,0
450.400000,1.113924,60.5542,140.9975,0,0,0,0
450.500000,1.113616,60.5156,140.9281,0,0,0,0
450.600000,1.113307,60.4770,140.8586,0,0,0,0
450.700000,1.111764,60.2840,140.5111,0,0,0,0
450.800000,1.113924,60.5542,140.9975,0,0,0,0
450.900000,1.112381,60.3612,140.6501,0,0,0,0
451.000000,1.112381,60.3612,140.6501,0,0,0,0
451.100000,1.114541,60.6314,141.1365,0,0,0,0
451.200000,1.113616,60.5156,140.9281,0,0,0,0
451.300000,1.113616,60.5156,140.9281,0,0,0,0
451.400000,1.113307,60.4770,140.8586,0,0,0,0
451.500000,1.112690,60.3998,140.7196,0,0,0,0
451.600000,1.112073,60.3226,140.5806,0,0,0,0
451.700000,1.113307,60.4770,140.8586,0,0,0,0
451.800000,1.112381,60.3612,140.6501,0,0,0,0
451.900000,1.112999,60.4384,140.7891,0,0,0,0
452.000000,1.114541,60.6314,141.1365,0,0,0,0
452.100000,1.112381,60.3612,140.6501,0,0,0,0
452.200000,1.114541,60.6314,141.1365,0,0,0,0
452.300000,1.111764,60.2840,140.5111,0,0,0,0
452.400000,1.112690,60.3998,140.7196,0,0,0,0
452.500000,1.112381,60.3612,140.6501,0,0,0,0
452.600000,1.114233,60.5928,141.0670,0,0,0,0
452.700000,1.113307,60.4770,140.8586,0,0,0,0
452.800000,1.112381,60.3612,140.6501,0,0,0,0
452.900000,1.113307,60.4770,140.8586,0,0,0,0
453.000000,1.112381,60.3612,140.6501,0,0,0,0
453.100000,1.112690,60.3998,140.7196,0,0,0,0
453.200000,1.112690,60.3998,140.7196,0,0,0,0
453.300000,1.113924,60.5542,140.9975,0,0,0,0
453.400000,1.112073,60.3226,140.5806,0,0,0,0
453.500000,1.112381,60.3612,140.6501,0,0,0,0
453.600000,1.113924,60.5542,140.9975,0,0,0,0
453.700000,1.112999,60.4384,140.7891,0,0,0,0
453.800000,1.113924,60.5542,140.9975,0,0,0,0
453.900000,1.114541,60.6314,141.1365,0,0,0,0
454.000000,1.112999,60.4384,140.7891,0,0,0,0
454.100000,1.114233,60.5928,141.0670,0,0,0,0
454.200000,1.114541,60.6314,141.1365,0,0,0,0
454.300000,1.114541,60.6314,141.1365,0,0,0,0
454.400000,1.113924,60.5542,140.9975,0,0,0,0
454.500000,1.114233,60.5928,141.0670,0,0,0,0
454.600000,1.114541,60.6314,141.1365,0,0,0,0
454.700000,1.113924,60.5542,140.9975,0,0,0,0
454.800000,1.114233,60.5928,141.0670,0,0,0,0
454.900000,1.113616,60.5156,140.9281,0,0,0,0
455.000000,1.113307,60.4770,140.8586,0,0,0,0
455.100000,1.114233,60.5928,141.0670,0,0,0,0
455.200000,1.112999,60.4384,140.7891,0,0,0,0
455.300000,1.113924,60.5542,140.9975,0,0,0,0
455.400000,1.113616,60.5156,140.9281,0,0,0,0
455.500000,1.113924,60.5542,140.9975,0,0,0,0
455.600000,1.114850,60.6700,141.2060,0,0,0,0
455.700000,1.114233,60.5928,141.0670,0,0,0,0
455.800000,1.112381,60.3612,140.6501,0,0,0,0
455.900000,1.113924,60.5542,140.9975,0,0,0,0
456.000000,1.111147,60.2068,140.3722,0,0,0,0
456.100000,1.113307,60.4770,140.8586,0,0,0,0
456.200000,1.112690,60.3998,140.7196,0,0,0,0
456.300000,1.114850,60.6700,141.2060,0,0,0,0
456.400000,1.112690,60.3998,140.7196,0,0,0,0
456.500000,1.114233,60.5928,141.0670,0,0,0,0
456.600000,1.112690,60.3998,140.7196,0,0,0,0
456.700000,1.112999,60.4384,140.7891,0,0,0,0
456.800000,1.112690,60.3998,140.7196,0,0,0,0
456.900000,1.114233,60.5928,141.0670,0,0,0,0
457.000000,1.112690,60.3998,140.7196,0,0,0,0
457.100000,1.113616,60.5156,140.9281,0,0,0,0
457.200000,1.112999,60.4384,140.7891,0,0,0,0
457.300000,1.113924,60.5542,140.9975,0,0,0,0
457.400000,1.112381,60.3612,140.6501,0,0,0,0
457.500000,1.113307,60.4770,140.8586,0,0,0,0
457.600000,1.111147,60.2068,140.3722,0,0,0,0
457.700000,1.112999,60.4384,140.7891,0,0,0,0
457.800000,1.112073,60.3226,140.5806,0,0,0,0
457.900000,1.112690,60.3998,140.7196,0,0,0,0
458.000000,1.112073,60.3226,140.5806,0,0,0,0
458.100000,1.112381,60.3612,140.6501,0,0,0,0
458.200000,1.111456,60.2454,140.4417,0,0,0,0
458.300000,1.112073,60.3226,140.5806,0,0,0,0
458.400000,1.110530,60.1296,140.2332,0,0,0,0
458.500000,1.112690,60.3998,140.7196,0,0,0,0
458.600000,1.110530,60.1296,140.2332,0,0,0,0
458.700000,1.110839,60.1682,140.3027,0,0,0,0
458.800000,1.110530,60.1296,140.2332,0,0,0,0
458.900000,1.112073,60.3226,140.5806,0,0,0,0
459.000000,1.110530,60.1296,140.2332,0,0,0,0
459.100000,1.111764,60.2840,140.5111,0,0,0,0
459.200000,1.112381,60.3612,140.6501,0,0,0,0
459.300000,1.111764,60.2840,140.5111,0,0,0,0
459.400000,1.110839,60.1682,140.3027,0,0,0,0
459.500000,1.110530,60.1296,140.2332,0,0,0,0
459.600000,1.109913,60.0523,140.0942,0,0,0,0
459.700000,1.110530,60.1296,140.2332,0,0,0,0
459.800000,1.109605,60.0137,140.0247,0,0,0,0
459.900000,1.110839,60.1682,140.3027,0,0,0,0
460.000000,1.110222,60.0910,140.1637,0,0,0,0
460.100000,1.112381,60.3612,140.6501,0,0,0,0
460.200000,1.111764,60.2840,140.5111,0,0,0,0
460.300000,1.112073,60.3226,140.5806,0,0,0,0
460.400000,1.111764,60.2840,140.5111,0,0,0,0
460.500000,1.112381,60.3612,140.6501,0,0,0,0
460.600000,1.112073,60.3226,140.5806,0,0,0,0
460.700000,1.112381,60.3612,140.6501,0,0,0,0
460.800000,1.112690,60.3998,140.7196,0,0,0,0
460.900000,1.110839,60.1682,140.3027,0,0,0,0
461.000000,1.111764,60.2840,140.5111,0,0,0,0
461.100000,1.111456,60.2454,140.4417,0,0,0,0
461.200000,1.112073,60.3226,140.5806,0,0,0,0
461.300000,1.111764,60.2840,140.5111,0,0,0,0
461.400000,1.112381,60.3612,140.6501,0,0,0,0
461.500000,1.112999,60.4384,140.7891,0,0,0,0
461.600000,1.112073,60.3226,140.5806,0,0,0,0
461.700000,1.112690,60.3998,140.7196,0,0,0,0
461.800000,1.111147,60.2068,140.3722,0,0,0,0
461.900000,1.110839,60.1682,140.3027,0,0,0,0
462.000000,1.111764,60.2840,140.5111,0,0,0,0
462.100000,1.112073,60.3226,140.5806,0,0,0,0
462.200000,1.112999,60.4384,140.7891,0,0,0,0
462.300000,1.112690,60.3998,140.7196,0,0,0,0
462.400000,1.114233,60.5928,141.0670,0,0,0,0
462.500000,1.112999,60.4384,140.7891,0,0,0,0
462.600000,1.112381,60.3612,140.6501,0,0,0,0
462.700000,1.112690,60.3998,140.7196,0,0,0,0
462.800000,1.111456,60.2454,140.4417,0,0,0,0
462.900000,1.110839,60.1682,140.3027,0,0,0,0
463.000000,1.112381,60.3612,140.6501,0,0,0,0
463.100000,1.111456,60.2454,140.4417,0,0,0,0
463.200000,1.112381,60.3612,140.6501,0,0,0,0
463.300000,1.111764,60.2840,140.5111,0,0,0,0
463.400000,1.111147,60.2068,140.3722,0,0,0,0
463.500000,1.111764,60.2840,140.5111,0,0,0,0
463.600000,1.111147,60.2068,140.3722,0,0,0,0
463.700000,1.110839,60.1682,140.3027,0,0,0,0
463.800000,1.110530,60.1296,140.2332,0,0,0,0
463.900000,1.112073,60.3226,140.5806,0,0,0,0
464.000000,1.110530,60.1296,140.2332,0,0,0,0
464.100000,1.111147,60.2068,140.3722,0,0,0,0
464.200000,1.110839,60.1682,140.3027,0,0,0,0
464.300000,1.108988,59.9365,139.8858,0,0,0,0
464.400000,1.108062,59.8207,139.6773,0,0,0,0
464.500000,1.108679,59.8979,139.8163,0,0,0,0
464.600000,1.108988,59.9365,139.8858,0,0,0,0
464.700000,1.107445,59.7435,139.5384,0,0,0,0
464.800000,1.108062,59.8207,139.6773,0,0,0,0
464.900000,1.107445,59.7435,139.5384,0,0,0,0
465.000000,1.108679,59.8979,139.8163,0,0,0,0
465.100000,1.108988,59.9365,139.8858,0,0,0,0
465.200000,1.108679,59.8979,139.8163,0,0,0,0
465.300000,1.108679,59.8979,139.8163,0,0,0,0
465.400000,1.106519,59.6277,139.3299,0,0,0,0
465.500000,1.108988,59.9365,139.8858,0,0,0,0
465.600000,1.108062,59.8207,139.6773,0,0,0,0
465.700000,1.109296,59.9751,139.9552,0,0,0,0
465.800000,1.109296,59.9751,139.9552,0,0,0,0
465.900000,1.109913,60.0523,140.0942,0,0,0,0
466.000000,1.108679,59.8979,139.8163,0,0,0,0
466.100000,1.108679,59.8979,139.8163,0,0,0,0
466.200000,1.109296,59.9751,139.9552,0,0,0,0
466.300000,1.108679,59.8979,139.8163,0,0,0,0
466.400000,1.108988,59.9365,139.8858,0,0,0,0
466.500000,1.109296,59.9751,139.9552,0,0,0,0
466.600000,1.108988,59.9365,139.8858,0,0,0,0
466.700000,1.108988,59.9365,139.8858,0,0,0,0
466.800000,1.108679,59.8979,139.8163,0,0,0,0
466.900000,1.108679,59.8979,139.8163,0,0,0,0
467.000000,1.107136,59.7049,139.4688,0,0,0,0
467.100000,1.108371,59.8593,139.7468,0,0,0,0
467.200000,1.108062,59.8207,139.6773,0,0,0,0
467.300000,1.108679,59.8979,139.8163,0,0,0,0
467.400000,1.108371,59.8593,139.7468,0,0,0,0
467.500000,1.108062,59.8207,139.6773,0,0,0,0
467.600000,1.108062,59.8207,139.6773,0,0,0,0
467.700000,1.108062,59.8207,139.6773,0,0,0,0
467.800000,1.108679,59.8979,139.8163,0,0,0,0
467.900000,1.108062,59.8207,139.6773,0,0,0,0
468.000000,1.106828,59.6663,139.3994,0,0,0,0
468.100000,1.108062,59.8207,139.6773,0,0,0,0
468.200000,1.106211,59.5891,139.2604,0,0,0,0
468.300000,1.108371,59.8593,139.7468,0,0,0,0
468.400000,1.109296,59.9751,139.9552,0,0,0,0
468.500000,1.107445,59.7435,139.5384,0,0,0,0
468.600000,1.108679,59.8979,139.8163,0,0,0,0
468.700000,1.108062,59.8207,139.6773,0,0,0,0
468.800000,1.107445,59.7435,139.5384,0,0,0,0
468.900000,1.108679,59.8979,139.8163,0,0,0,0
469.000000,1.107445,59.7435,139.5384,0,0,0,0
469.100000,1.107754,59.7821,139.6078,0,0,0,0
469.200000,1.107136,59.7049,139.4688,0,0,0,0
469.300000,1.107445,59.7435,139.5384,0,0,0,0
469.400000,1.106519,59.6277,139.3299,0,0,0,0
469.500000,1.107754,59.7821,139.6078,0,0,0,0
469.600000,1.108062,59.8207,139.6773,0,0,0,0
469.700000,1.107445,59.7435,139.5384,0,0,0,0
469.800000,1.107445,59.7435,139.5384,0,0,0,0
469.900000,1.106211,59.5891,139.2604,0,0,0,0
470.000000,1.107754,59.7821,139.6078,0,0,0,0
470.100000,1.107445,59.7435,139.5384,0,0,0,0
470.200000,1.106828,59.6663,139.3994,0,0,0,0
470.300000,1.107136,59.7049,139.4688,0,0,0,0
470.400000,1.105594,59.5119,139.1214,0,0,0,0
470.500000,1.105594,59.5119,139.1214,0,0,0,0
470.600000,1.104977,59.4347,138.9825,0,0,0,0
470.700000,1.105902,59.5505,139.1909,0,0,0,0
470.800000,1.104668,59.3961,138.9130,0,0,0,0
470.900000,1.106828,59.6663,139.3994,0,0,0,0
471.000000,1.106828,59.6663,139.3994,0,0,0,0
471.100000,1.106519,59.6277,139.3299,0,0,0,0
471.200000,1.106519,59.6277,139.3299,0,0,0,0
471.300000,1.107136,59.7049,139.4688,0,0,0,0
471.400000,1.108062,59.8207,139.6773,0,0,0,0
471.500000,1.106519,59.6277,139.3299,0,0,0,0
471.600000,1.108062,59.8207,139.6773,0,0,0,0
471.700000,1.107445,59.7435,139.5384,0,0,0,0
471.800000,1.107445,59.7435,139.5384,0,0,0,0
471.900000,1.108371,59.8593,139.7468,0,0,0,0
472.000000,1.107445,59.7435,139.5384,0,0,0,0
472.100000,1.108679,59.8979,139.8163,0,0,0,0
472.200000,1.106519,59.6277,139.3299,0,0,0,0
472.300000,1.107445,59.7435,139.5384,0,0,0,0
472.400000,1.107445,59.7435,139.5384,0,0,0,0
472.500000,1.107136,59.7049,139.4688,0,0,0,0
472.600000,1.108371,59.8593,139.7468,0,0,0,0
472.700000,1.105594,59.5119,139.1214,0,0,0,0
472.800000,1.107754,59.7821,139.6078,0,0,0,0
472.900000,1.107754,59.7821,139.6078,0,0,0,0
473.000000,1.107445,59.7435,139.5384,0,0,0,0
473.100000,1.108371,59.8593,139.7468,0,0,0,0
473.200000,1.108679,59.8979,139.8163,0,0,0,0
473.300000,1.108679,59.8979,139.8163,0,0,0,0
473.400000,1.108371,59.8593,139.7468,0,0,0,0
473.500000,1.108679,59.8979,139.8163,0,0,0,0
473.600000,1.108679,59.8979,139.8163,0,0,0,0
473.700000,1.108371,59.8593,139.7468,0,0,0,0
473.800000,1.108371,59.8593,139.7468,0,0,0,0
473.900000,1.107136,59.7049,139.4688,0,0,0,0
474.000000,1.109296,59.9751,139.9552,0,0,0,0
474.100000,1.108679,59.8979,139.8163,0,0,0,0
474.200000,1.108062,59.8207,139.6773,0,0,0,0
474.300000,1.109296,59.9751,139.9552,0,0,0,0
474.400000,1.106519,59.6277,139.3299,0,0,0,0
474.500000,1.108062,59.8207,139.6773,0,0,0,0
474.600000,1.108062,59.8207,139.6773,0,0,0,0
474.700000,1.108371,59.8593,139.7468,0,0,0,0
474.800000,1.108679,59.8979,139.8163,0,0,0,0
474.900000,1.108988,59.9365,139.8858,0,0,0,0
475.000000,1.108679,59.8979,139.8163,0,0,0,0
475.100000,1.106828,59.6663,139.3994,0,0,0,0
475.200000,1.108679,59.8979,139.8163,0,0,0,0
475.300000,1.108062,59.8207,139.6773,0,0,0,0
475.400000,1.107754,59.7821,139.6078,0,0,0,0
475.500000,1.108062,59.8207,139.6773,0,0,0,0
475.600000,1.109296,59.9751,139.9552,0,0,0,0
475.700000,1.108988,59.9365,139.8858,0,0,0,0
475.800000,1.108679,59.8979,139.8163,0,0,0,0
475.900000,1.110839,60.1682,140.3027,0,0,0,0
476.000000,1.108371,59.8593,139.7468,0,0,0,0
476.100000,1.108988,59.9365,139.8858,0,0,0,0
476.200000,1.108988,59.9365,139.8858,0,0,0,0
476.300000,1.109605,60.0137,140.0247,0,0,0,0
476.400000,1.107754,59.7821,139.6078,0,0,0,0
476.500000,1.110222,60.0910,140.1637,0,0,0,0
476.600000,1.108988,59.9365,139.8858,0,0,0,0
476.700000,1.107754,59.7821,139.6078,0,0,0,0
476.800000,1.108679,59.8979,139.8163,0,0,0,0
476.900000,1.107754,59.7821,139.6078,0,0,0,0
477.000000,1.108062,59.8207,139.6773,0,0,0,0
477.100000,1.108679,59.8979,139.8163,0,0,0,0
477.200000,1.108062,59.8207,139.6773,0,0,0,0
477.300000,1.108679,59.8979,139.8163,0,0,0,0
477.400000,1.107445,59.7435,139.5384,0,0,0,0
477.500000,1.108679,59.8979,139.8163,0,0,0,0
477.600000,1.108988,59.9365,139.8858,0,0,0,0
477.700000,1.108679,59.8979,139.8163,0,0,0,0
477.800000,1.109296,59.9751,139.9552,0,0,0,0
477.900000,1.107136,59.7049,139.4688,0,0,0,0
478.000000,1.107754,59.7821,139.6078,0,0,0,0
478.100000,1.108988,59.9365,139.8858,0,0,0,0
478.200000,1.108371,59.8593,139.7468,0,0,0,0
478.300000,1.108679,59.8979,139.8163,0,0,0,0
478.400000,1.108988,59.9365,139.8858,0,0,0,0
478.500000,1.107754,59.7821,139.6078,0,0,0,0
478.600000,1.107445,59.7435,139.5384,0,0,0,0
478.700000,1.106828,59.6663,139.3994,0,0,0,0
478.800000,1.107754,59.7821,139.6078,0,0,0,0
478.900000,1.108371,59.8593,139.7468,0,0,0,0
479.000000,1.106211,59.5891,139.2604,0,0,0,0
479.100000,1.107754,59.7821,139.6078,0,0,0,0
479.200000,1.107136,59.7049,139.4688,0,0,0,0
479.300000,1.106519,59.6277,139.3299,0,0,0,0
479.400000,1.107445,59.7435,139.5384,0,0,0,0
479.500000,1.108062,59.8207,139.6773,0,0,0,0
479.600000,1.106828,59.6663,139.3994,0,0,0,0
479.700000,1.106828,59.6663,139.3994,0,0,0,0
479.800000,1.105902,59.5505,139.1909,0,0,0,0
479.900000,1.107136,59.7049,139.4688,0,0,0,0
480.000000,1.107754,59.7821,139.6078,0,0,0,0
480.100000,1.105902,59.5505,139.1909,0,0,0,0
480.200000,1.105285,59.4733,139.0520,0,0,0,0
480.300000,1.105594,59.5119,139.1214,0,0,0,0
480.400000,1.103434,59.2417,138.6350,0,0,0,0
480.500000,1.105594,59.5119,139.1214,0,0,0,0
480.600000,1.105594,59.5119,139.1214,0,0,0,0
480.700000,1.105594,59.5119,139.1214,0,0,0,0
480.800000,1.105902,59.5505,139.1909,0,0,0,0
480.900000,1.106519,59.6277,139.3299,0,0,0,0
481.000000,1.106211,59.5891,139.2604,0,0,0,0
481.100000,1.108988,59.9365,139.8858,0,0,0,0
481.200000,1.106519,59.6277,139.3299,0,0,0,0
481.300000,1.107754,59.7821,139.6078,0,0,0,0
481.400000,1.108062,59.8207,139.6773,0,0,0,0
481.500000,1.104977,59.4347,138.9825,0,0,0,0
481.600000,1.107136,59.7049,139.4688,0,0,0,0
481.700000,1.107445,59.7435,139.5384,0,0,0,0
481.800000,1.106519,59.6277,139.3299,0,0,0,0
481.900000,1.105902,59.5505,139.1909,0,0,0,0
482.000000,1.104668,59.3961,138.9130,0,0,0,0
482.100000,1.106211,59.5891,139.2604,0,0,0,0
482.200000,1.107754,59.7821,139.6078,0,0,0,0
482.300000,1.105594,59.5119,139.1214,0,0,0,0
482.400000,1.106828,59.6663,139.3994,0,0,0,0
482.500000,1.106828,59.6663,139.3994,0,0,0,0
482.600000,1.107136,59.7049,139.4688,0,0,0,0
482.700000,1.107445,59.7435,139.5384,0,0,0,0
482.800000,1.105594,59.5119,139.1214,0,0,0,0
482.900000,1.107754,59.7821,139.6078,0,0,0,0
483.000000,1.107754,59.7821,139.6078,0,0,0,0
483.100000,1.107136,59.7049,139.4688,0,0,0,0
483.200000,1.108371,59.8593,139.7468,0,0,0,0
483.300000,1.107136,59.7049,139.4688,0,0,0,0
483.400000,1.106828,59.6663,139.3994,0,0,0,0
483.500000,1.106211,59.5891,139.2604,0,0,0,0
483.600000,1.106519,59.6277,139.3299,0,0,0,0
483.700000,1.106211,59.5891,139.2604,0,0,0,0
483.800000,1.107136,59.7049,139.4688,0,0,0,0
483.900000,1.107754,59.7821,139.6078,0,0,0,0
484.000000,1.105902,59.5505,139.1909,0,0,0,0
484.100000,1.107445,59.7435,139.5384,0,0,0,0
484.200000,1.107136,59.7049,139.4688,0,0,0,0
484.300000,1.106211,59.5891,139.2604,0,0,0,0
484.400000,1.107445,59.7435,139.5384,0,0,0,0
484.500000,1.107754,59.7821,139.6078,0,0,0,0
484.600000,1.106211,59.5891,139.2604,0,0,0,0
484.700000,1.107136,59.7049,139.4688,0,0,0,0
484.800000,1.107445,59.7435,139.5384,0,0,0,0
484.900000,1.104668,59.3961,138.9130,0,0,0,0
485.000000,1.107445,59.7435,139.5384,0,0,0,0
485.100000,1.107445,59.7435,139.5384,0,0,0,0
485.200000,1.106519,59.6277,139.3299,0,0,0,0
485.300000,1.107445,59.7435,139.5384,0,0,0,0
485.400000,1.106828,59.6663,139.3994,0,0,0,0
485.500000,1.107445,59.7435,139.5384,0,0,0,0
485.600000,1.106828,59.6663,139.3994,0,0,0,0
485.700000,1.107754,59.7821,139.6078,0,0,0,0
485.800000,1.107136,59.7049,139.4688,0,0,0,0
485.900000,1.107136,59.7049,139.4688,0,0,0,0
486.000000,1.106828,59.6663,139.3994,0,0,0,0
486.100000,1.108679,59.8979,139.8163,0,0,0,0
486.200000,1.107754,59.7821,139.6078,0,0,0,0
486.300000,1.105594,59.5119,139.1214,0,0,0,0
486.400000,1.107136,59.7049,139.4688,0,0,0,0
486.500000,1.106519,59.6277,139.3299,0,0,0,0
486.600000,1.106211,59.5891,139.2604,0,0,0,0
486.700000,1.105902,59.5505,139.1909,0,0,0,0
486.800000,1.105902,59.5505,139.1909,0,0,0,0
486.900000,1.107445,59.7435,139.5384,0,0,0,0
487.000000,1.106828,59.6663,139.3994,0,0,0,0
487.100000,1.105902,59.5505,139.1909,0,0,0,0
487.200000,1.107754,59.7821,139.6078,0,0,0,0
487.300000,1.107136,59.7049,139.4688,0,0,0,0
487.400000,1.107136,59.7049,139.4688,0,0,0,0
487.500000,1.106519,59.6277,139.3299,0,0,0,0
487.600000,1.107754,59.7821,139.6078,0,0,0,0
487.700000,1.107754,59.7821,139.6078,0,0,0,0
487.800000,1.106828,59.6663,139.3994,0,0,0,0
487.900000,1.107445,59.7435,139.5384,0,0,0,0
488.000000,1.106211,59.5891,139.2604,0,0,0,0
488.100000,1.107445,59.7435,139.5384,0,0,0,0
488.200000,1.107754,59.7821,139.6078,0,0,0,0
488.300000,1.108371,59.8593,139.7468,0,0,0,0
488.400000,1.107754,59.7821,139.6078,0,0,0,0
488.500000,1.107754,59.7821,139.6078,0,0,0,0
488.600000,1.108371,59.8593,139.7468,0,0,0,0
488.700000,1.107136,59.7049,139.4688,0,0,0,0
488.800000,1.105902,59.5505,139.1909,0,0,0,0
488.900000,1.106828,59.6663,139.3994,0,0,0,0
489.000000,1.105594,59.5119,139.1214,0,0,0,0
489.100000,1.104977,59.4347,138.9825,0,0,0,0
489.200000,1.105594,59.5119,139.1214,0,0,0,0
489.300000,1.106828,59.6663,139.3994,0,0,0,0
489.400000,1.107136,59.7049,139.4688,0,0,0,0
489.500000,1.107445,59.7435,139.5384,0,0,0,0
489.600000,1.107136,59.7049,139.4688,0,0,0,0
489.700000,1.104977,59.4347,138.9825,0,0,0,0
489.800000,1.106519,59.6277,139.3299,0,0,0,0
489.900000,1.107136,59.7049,139.4688,0,0,0,0
490.000000,1.106519,59.6277,139.3299,0,0,0,0
490.100000,1.107445,59.7435,139.5384,0,0,0,0
490.200000,1.106828,59.6663,139.3994,0,0,0,0
490.300000,1.107136,59.7049,139.4688,0,0,0,0
490.400000,1.106211,59.5891,139.2604,0,0,0,0
490.500000,1.105594,59.5119,139.1214,0,0,0,0
490.600000,1.106828,59.6663,139.3994,0,0,0,0
490.700000,1.104668,59.3961,138.9130,0,0,0,0
490.800000,1.102817,59.1645,138.4961,0,0,0,0
490.900000,1.104051,59.3189,138.7740,0,0,0,0
491.000000,1.104051,59.3189,138.7740,0,0,0,0
491.100000,1.103126,59.2031,138.5656,0,0,0,0
491.200000,1.104360,59.3575,138.8435,0,0,0,0
491.300000,1.101892,59.0487,138.2876,0,0,0,0
491.400000,1.104360,59.3575,138.8435,0,0,0,0
491.500000,1.103434,59.2417,138.6350,0,0,0,0
491.600000,1.104051,59.3189,138.7740,0,0,0,0
491.700000,1.102509,59.1259,138.4266,0,0,0,0
491.800000,1.103743,59.2803,138.7045,0,0,0,0
491.900000,1.104051,59.3189,138.7740,0,0,0,0
492.000000,1.104360,59.3575,138.8435,0,0,0,0
492.100000,1.103743,59.2803,138.7045,0,0,0,0
492.200000,1.103743,59.2803,138.7045,0,0,0,0
492.300000,1.103434,59.2417,138.6350,0,0,0,0
492.400000,1.104051,59.3189,138.7740,0,0,0,0
492.500000,1.103126,59.2031,138.5656,0,0,0,0
492.600000,1.102817,59.1645,138.4961,0,0,0,0
492.700000,1.104977,59.4347,138.9825,0,0,0,0
492.800000,1.104668,59.3961,138.9130,0,0,0,0
492.900000,1.105594,59.5119,139.1214,0,0,0,0
493.000000,1.103743,59.2803,138.7045,0,0,0,0
493.100000,1.105594,59.5119,139.1214,0,0,0,0
493.200000,1.104668,59.3961,138.9130,0,0,0,0
493.300000,1.104668,59.3961,138.9130,0,0,0,0
493.400000,1.105285,59.4733,139.0520,0,0,0,0
493.500000,1.103434,59.2417,138.6350,0,0,0,0
493.600000,1.104977,59.4347,138.9825,0,0,0,0
493.700000,1.105285,59.4733,139.0520,0,0,0,0
493.800000,1.104360,59.3575,138.8435,0,0,0,0
493.900000,1.103743,59.2803,138.7045,0,0,0,0
494.000000,1.104668,59.3961,138.9130,0,0,0,0
494.100000,1.104051,59.3189,138.7740,0,0,0,0
494.200000,1.102200,59.0873,138.3571,0,0,0,0
494.300000,1.104051,59.3189,138.7740,0,0,0,0
494.400000,1.104977,59.4347,138.9825,0,0,0,0
494.500000,1.103743,59.2803,138.7045,0,0,0,0
494.600000,1.104977,59.4347,138.9825,0,0,0,0
494.700000,1.104051,59.3189,138.7740,0,0,0,0
494.800000,1.102817,59.1645,138.4961,0,0,0,0
494.900000,1.104051,59.3189,138.7740,0,0,0,0
495.000000,1.104051,59.3189,138.7740,0,0,0,0
495.100000,1.103434,59.2417,138.6350,0,0,0,0
495.200000,1.103743,59.2803,138.7045,0,0,0,0
495.300000,1.104051,59.3189,138.7740,0,0,0,0
495.400000,1.104360,59.3575,138.8435,0,0,0,0
495.500000,1.103126,59.2031,138.5656,0,0,0,0
495.600000,1.104051,59.3189,138.7740,0,0,0,0
495.700000,1.103434,59.2417,138.6350,0,0,0,0
495.800000,1.103743,59.2803,138.7045,0,0,0,0
495.900000,1.103743,59.2803,138.7045,0,0,0,0
496.000000,1.103434,59.2417,138.6350,0,0,0,0
496.100000,1.104360,59.3575,138.8435,0,0,0,0
496.200000,1.104051,59.3189,138.7740,0,0,0,0
496.300000,1.102200,59.0873,138.3571,0,0,0,0
496.400000,1.103434,59.2417,138.6350,0,0,0,0
496.500000,1.103434,59.2417,138.6350,0,0,0,0
496.600000,1.103126,59.2031,138.5656,0,0,0,0
496.700000,1.102200,59.0873,138.3571,0,0,0,0
496.800000,1.102200,59.0873,138.3571,0,0,0,0
